C000,JMP,00,00,00,24,FD
C5F5,LDX,00,00,00,26,FD
C5F7,STX,00,00,00,26,FD
C5F9,STX,00,00,00,26,FD
C5FB,STX,00,00,00,26,FD
C5FD,JSR,00,00,00,26,FB
C72D,NOP,00,00,00,26,FB
C72E,SEC,00,00,00,27,FB
C72F,BCS,00,00,00,27,FB
C735,NOP,00,00,00,27,FB
C736,CLC,00,00,00,26,FB
C737,BCS,00,00,00,26,FB
C739,JMP,00,00,00,26,FB
C740,NOP,00,00,00,26,FB
C741,SEC,00,00,00,27,FB
C742,BCC,00,00,00,27,FB
C744,JMP,00,00,00,27,FB
C74B,NOP,00,00,00,27,FB
C74C,CLC,00,00,00,26,FB
C74D,BCC,00,00,00,26,FB
C753,NOP,00,00,00,26,FB
C754,LDA,00,00,00,26,FB
C756,BEQ,00,00,00,26,FB
C75C,NOP,00,00,00,26,FB
C75D,LDA,40,00,00,24,FB
C75F,BEQ,40,00,00,24,FB
C761,JMP,40,00,00,24,FB
C768,NOP,40,00,00,24,FB
C769,LDA,40,00,00,24,FB
C76B,BNE,40,00,00,24,FB
C771,NOP,40,00,00,24,FB
C772,LDA,00,00,00,26,FB
C774,BNE,00,00,00,26,FB
C776,JMP,00,00,00,26,FB
C77D,NOP,00,00,00,26,FB
C77E,LDA,FF,00,00,A4,FB
C780,STA,FF,00,00,A4,FB
C782,BIT,FF,00,00,E4,FB
C784,BVS,FF,00,00,E4,FB
C78A,NOP,FF,00,00,E4,FB
C78B,BIT,FF,00,00,E4,FB
C78D,BVC,FF,00,00,E4,FB
C78F,JMP,FF,00,00,E4,FB
C796,NOP,FF,00,00,E4,FB
C797,LDA,00,00,00,66,FB
C799,STA,00,00,00,66,FB
C79B,BIT,00,00,00,26,FB
C79D,BVC,00,00,00,26,FB
C7A3,NOP,00,00,00,26,FB
C7A4,BIT,00,00,00,26,FB
C7A6,BVS,00,00,00,26,FB
C7A8,JMP,00,00,00,26,FB
C7AF,NOP,00,00,00,26,FB
C7B0,LDA,00,00,00,26,FB
C7B2,BPL,00,00,00,26,FB
C7B8,NOP,00,00,00,26,FB
C7B9,LDA,80,00,00,A4,FB
C7BB,BPL,80,00,00,A4,FB
C7BD,JMP,80,00,00,A4,FB
C7D9,NOP,80,00,00,A4,FB
C7DA,RTS,80,00,00,A4,FD
C600,JSR,80,00,00,A4,FB
C7DB,NOP,80,00,00,A4,FB
C7DC,LDA,FF,00,00,A4,FB
C7DE,STA,FF,00,00,A4,FB
C7E0,BIT,FF,00,00,E4,FB
C7E2,LDA,00,00,00,66,FB
C7E4,SEC,00,00,00,67,FB
C7E5,SEI,00,00,00,67,FB
C7E6,SED,00,00,00,6F,FB
C7E7,PHP,00,00,00,6F,FA
C7E8,PLA,7F,00,00,6D,FB
C7E9,AND,6F,00,00,6D,FB
C7EB,CMP,6F,00,00,6F,FB
C7ED,BEQ,6F,00,00,6F,FB
C7F3,NOP,6F,00,00,6F,FB
C7F4,LDA,40,00,00,6D,FB
C7F6,STA,40,00,00,6D,FB
C7F8,BIT,40,00,00,6D,FB
C7FA,CLD,40,00,00,65,FB
C7FB,LDA,10,00,00,65,FB
C7FD,CLC,10,00,00,64,FB
C7FE,PHP,10,00,00,64,FA
C7FF,PLA,74,00,00,64,FB
C800,AND,64,00,00,64,FB
C802,CMP,64,00,00,67,FB
C804,BEQ,64,00,00,67,FB
C80A,NOP,64,00,00,67,FB
C80B,LDA,80,00,00,E5,FB
C80D,STA,80,00,00,E5,FB
C80F,BIT,80,00,00,A5,FB
C811,SED,80,00,00,AD,FB
C812,LDA,00,00,00,2F,FB
C814,SEC,00,00,00,2F,FB
C815,PHP,00,00,00,2F,FA
C816,PLA,3F,00,00,2D,FB
C817,AND,2F,00,00,2D,FB
C819,CMP,2F,00,00,2F,FB
C81B,BEQ,2F,00,00,2F,FB
C821,NOP,2F,00,00,2F,FB
C822,LDA,FF,00,00,AD,FB
C824,PHA,FF,00,00,AD,FA
C825,PLP,FF,00,00,EF,FB
C826,BNE,FF,00,00,EF,FB
C828,BPL,FF,00,00,EF,FB
C82A,BVC,FF,00,00,EF,FB
C82C,BCC,FF,00,00,EF,FB
C82E,JMP,FF,00,00,EF,FB
C835,NOP,FF,00,00,EF,FB
C836,LDA,04,00,00,6D,FB
C838,PHA,04,00,00,6D,FA
C839,PLP,04,00,00,24,FB
C83A,BEQ,04,00,00,24,FB
C83C,BMI,04,00,00,24,FB
C83E,BVS,04,00,00,24,FB
C840,BCS,04,00,00,24,FB
C842,JMP,04,00,00,24,FB
C849,NOP,04,00,00,24,FB
C84A,SED,04,00,00,2C,FB
C84B,LDA,FF,00,00,AC,FB
C84D,STA,FF,00,00,AC,FB
C84F,BIT,FF,00,00,EC,FB
C851,CLC,FF,00,00,EC,FB
C852,LDA,00,00,00,6E,FB
C854,PHA,00,00,00,6E,FA
C855,LDA,FF,00,00,EC,FA
C857,PLA,00,00,00,6E,FB
C858,BNE,00,00,00,6E,FB
C85A,BMI,00,00,00,6E,FB
C85C,BVC,00,00,00,6E,FB
C85E,BCS,00,00,00,6E,FB
C860,JMP,00,00,00,6E,FB
C867,NOP,00,00,00,6E,FB
C868,LDA,00,00,00,6E,FB
C86A,STA,00,00,00,6E,FB
C86C,BIT,00,00,00,2E,FB
C86E,SEC,00,00,00,2F,FB
C86F,LDA,FF,00,00,AD,FB
C871,PHA,FF,00,00,AD,FA
C872,LDA,00,00,00,2F,FA
C874,PLA,FF,00,00,AD,FB
C875,BEQ,FF,00,00,AD,FB
C877,BPL,FF,00,00,AD,FB
C879,BVS,FF,00,00,AD,FB
C87B,BCC,FF,00,00,AD,FB
C87D,JMP,FF,00,00,AD,FB
C884,RTS,FF,00,00,AD,FD
C603,JSR,FF,00,00,AD,FB
C885,NOP,FF,00,00,AD,FB
C886,CLC,FF,00,00,AC,FB
C887,LDA,FF,00,00,AC,FB
C889,STA,FF,00,00,AC,FB
C88B,BIT,FF,00,00,EC,FB
C88D,LDA,55,00,00,6C,FB
C88F,ORA,FF,00,00,EC,FB
C891,BCS,FF,00,00,EC,FB
C893,BPL,FF,00,00,EC,FB
C895,CMP,FF,00,00,EF,FB
C897,BNE,FF,00,00,EF,FB
C899,BVC,FF,00,00,EF,FB
C89B,JMP,FF,00,00,EF,FB
C8A2,NOP,FF,00,00,EF,FB
C8A3,SEC,FF,00,00,EF,FB
C8A4,CLV,FF,00,00,AF,FB
C8A5,LDA,00,00,00,2F,FB
C8A7,ORA,00,00,00,2F,FB
C8A9,BNE,00,00,00,2F,FB
C8AB,BVS,00,00,00,2F,FB
C8AD,BCC,00,00,00,2F,FB
C8AF,BMI,00,00,00,2F,FB
C8B1,JMP,00,00,00,2F,FB
C8B8,NOP,00,00,00,2F,FB
C8B9,CLC,00,00,00,2E,FB
C8BA,BIT,00,00,00,EE,FB
C8BC,LDA,55,00,00,6C,FB
C8BE,AND,00,00,00,6E,FB
C8C0,BNE,00,00,00,6E,FB
C8C2,BVC,00,00,00,6E,FB
C8C4,BCS,00,00,00,6E,FB
C8C6,BMI,00,00,00,6E,FB
C8C8,JMP,00,00,00,6E,FB
C8CF,NOP,00,00,00,6E,FB
C8D0,SEC,00,00,00,6F,FB
C8D1,CLV,00,00,00,2F,FB
C8D2,LDA,F8,00,00,AD,FB
C8D4,AND,E8,00,00,AD,FB
C8D6,BCC,E8,00,00,AD,FB
C8D8,BPL,E8,00,00,AD,FB
C8DA,CMP,E8,00,00,AF,FB
C8DC,BNE,E8,00,00,AF,FB
C8DE,BVS,E8,00,00,AF,FB
C8E0,JMP,E8,00,00,AF,FB
C8E7,NOP,E8,00,00,AF,FB
C8E8,CLC,E8,00,00,AE,FB
C8E9,BIT,E8,00,00,EC,FB
C8EB,LDA,5F,00,00,6C,FB
C8ED,EOR,F5,00,00,EC,FB
C8EF,BCS,F5,00,00,EC,FB
C8F1,BPL,F5,00,00,EC,FB
C8F3,CMP,F5,00,00,EF,FB
C8F5,BNE,F5,00,00,EF,FB
C8F7,BVC,F5,00,00,EF,FB
C8F9,JMP,F5,00,00,EF,FB
C900,NOP,F5,00,00,EF,FB
C901,SEC,F5,00,00,EF,FB
C902,CLV,F5,00,00,AF,FB
C903,LDA,70,00,00,2D,FB
C905,EOR,00,00,00,2F,FB
C907,BNE,00,00,00,2F,FB
C909,BVS,00,00,00,2F,FB
C90B,BCC,00,00,00,2F,FB
C90D,BMI,00,00,00,2F,FB
C90F,JMP,00,00,00,2F,FB
C916,NOP,00,00,00,2F,FB
C917,CLC,00,00,00,2E,FB
C918,BIT,00,00,00,EE,FB
C91A,LDA,00,00,00,6E,FB
C91C,ADC,69,00,00,2C,FB
C91E,BMI,69,00,00,2C,FB
C920,BCS,69,00,00,2C,FB
C922,CMP,69,00,00,2F,FB
C924,BNE,69,00,00,2F,FB
C926,BVS,69,00,00,2F,FB
C928,JMP,69,00,00,2F,FB
C92F,NOP,69,00,00,2F,FB
C930,SEC,69,00,00,2F,FB
C931,SED,69,00,00,2F,FB
C932,BIT,69,00,00,ED,FB
C934,LDA,01,00,00,6D,FB
C936,ADC,6B,00,00,2C,FB
C938,BMI,6B,00,00,2C,FB
C93A,BCS,6B,00,00,2C,FB
C93C,CMP,6B,00,00,2F,FB
C93E,BNE,6B,00,00,2F,FB
C940,BVS,6B,00,00,2F,FB
C942,JMP,6B,00,00,2F,FB
C949,NOP,6B,00,00,2F,FB
C94A,CLD,6B,00,00,27,FB
C94B,SEC,6B,00,00,27,FB
C94C,CLV,6B,00,00,27,FB
C94D,LDA,7F,00,00,25,FB
C94F,ADC,FF,00,00,E5,FB
C951,BPL,FF,00,00,E5,FB
C953,BCS,FF,00,00,E5,FB
C95E,LDX,FF,20,00,65,FB
C960,STX,FF,20,00,65,FB
C962,NOP,FF,20,00,65,FB
C963,CLC,FF,20,00,64,FB
C964,BIT,FF,20,00,E4,FB
C966,LDA,7F,20,00,64,FB
C968,ADC,FF,20,00,E5,FB
C96A,BPL,FF,20,00,E5,FB
C96C,BCS,FF,20,00,E5,FB
C977,LDX,FF,21,00,65,FB
C979,STX,FF,21,00,65,FB
C97B,NOP,FF,21,00,65,FB
C97C,SEC,FF,21,00,65,FB
C97D,CLV,FF,21,00,25,FB
C97E,LDA,7F,21,00,25,FB
C980,ADC,00,21,00,26,FB
C982,BNE,00,21,00,26,FB
C984,BMI,00,21,00,26,FB
C986,BVS,00,21,00,26,FB
C988,BCC,00,21,00,26,FB
C98D,LDX,00,22,00,24,FB
C98F,STX,00,22,00,24,FB
C991,NOP,00,22,00,24,FB
C992,SEC,00,22,00,25,FB
C993,CLV,00,22,00,25,FB
C994,LDA,9F,22,00,A5,FB
C996,BEQ,9F,22,00,A5,FB
C998,BPL,9F,22,00,A5,FB
C99A,BVS,9F,22,00,A5,FB
C99C,BCC,9F,22,00,A5,FB
C99E,JMP,9F,22,00,A5,FB
C9A5,NOP,9F,22,00,A5,FB
C9A6,CLC,9F,22,00,A4,FB
C9A7,BIT,9F,22,00,E4,FB
C9A9,LDA,00,22,00,66,FB
C9AB,BNE,00,22,00,66,FB
C9AD,BMI,00,22,00,66,FB
C9AF,BVC,00,22,00,66,FB
C9B1,BCS,00,22,00,66,FB
C9B3,JMP,00,22,00,66,FB
C9BA,NOP,00,22,00,66,FB
C9BB,BIT,00,22,00,E6,FB
C9BD,LDA,40,22,00,64,FB
C9BF,CMP,40,22,00,67,FB
C9C1,BMI,40,22,00,67,FB
C9C3,BCC,40,22,00,67,FB
C9C5,BNE,40,22,00,67,FB
C9C7,BVC,40,22,00,67,FB
C9C9,JMP,40,22,00,67,FB
C9D0,NOP,40,22,00,67,FB
C9D1,CLV,40,22,00,27,FB
C9D2,CMP,40,22,00,27,FB
C9D4,BEQ,40,22,00,27,FB
C9DF,LDX,40,25,00,25,FB
C9E1,STX,40,25,00,25,FB
C9E3,NOP,40,25,00,25,FB
C9E4,CMP,40,25,00,A5,FB
C9E6,BEQ,40,25,00,A5,FB
C9E8,BPL,40,25,00,A5,FB
C9EA,BPL,40,25,00,A5,FB
C9EC,JMP,40,25,00,A5,FB
C9F3,NOP,40,25,00,A5,FB
C9F4,LDA,80,25,00,A5,FB
C9F6,CMP,80,25,00,A5,FB
C9F8,BEQ,80,25,00,A5,FB
C9FA,BPL,80,25,00,A5,FB
C9FC,BCC,80,25,00,A5,FB
C9FE,JMP,80,25,00,A5,FB
CA05,NOP,80,25,00,A5,FB
CA06,CMP,80,25,00,A7,FB
CA08,BNE,80,25,00,A7,FB
CA0A,BMI,80,25,00,A7,FB
CA11,LDX,80,28,00,25,FB
CA13,STX,80,28,00,25,FB
CA15,NOP,80,28,00,25,FB
CA16,CMP,80,28,00,A5,FB
CA18,BCS,80,28,00,A5,FB
CA21,LDX,80,29,00,25,FB
CA23,STX,80,29,00,25,FB
CA25,NOP,80,29,00,25,FB
CA26,CMP,80,29,00,25,FB
CA28,BCC,80,29,00,25,FB
CA2A,BEQ,80,29,00,25,FB
CA2C,BMI,80,29,00,25,FB
CA2E,JMP,80,29,00,25,FB
CA35,NOP,80,29,00,25,FB
CA36,BIT,80,29,00,E5,FB
CA38,LDY,80,29,40,65,FB
CA3A,CPY,80,29,40,E7,FB
CA3C,BNE,80,29,40,E7,FB
CA3E,BMI,80,29,40,E7,FB
CA47,LDX,80,2B,40,65,FB
CA49,STX,80,2B,40,65,FB
CA4B,NOP,80,2B,40,65,FB
CA4C,CLV,80,2B,40,25,FB
CA4D,CPY,80,2B,40,25,FB
CA4F,BEQ,80,2B,40,25,FB
CA51,BMI,80,2B,40,25,FB
CA53,BCC,80,2B,40,25,FB
CA55,BVS,80,2B,40,25,FB
CA57,JMP,80,2B,40,25,FB
CA5E,NOP,80,2B,40,25,FB
CA5F,CPY,80,2B,40,A5,FB
CA61,BEQ,80,2B,40,A5,FB
CA63,BPL,80,2B,40,A5,FB
CA65,BPL,80,2B,40,A5,FB
CA67,JMP,80,2B,40,A5,FB
CA6E,NOP,80,2B,40,A5,FB
CA6F,LDY,80,2B,80,A5,FB
CA71,CPY,80,2B,80,A5,FB
CA73,BEQ,80,2B,80,A5,FB
CA75,BPL,80,2B,80,A5,FB
CA77,BCC,80,2B,80,A5,FB
CA79,JMP,80,2B,80,A5,FB
CA80,NOP,80,2B,80,A5,FB
CA81,CPY,80,2B,80,A7,FB
CA83,BNE,80,2B,80,A7,FB
CA85,BMI,80,2B,80,A7,FB
CA8C,LDX,80,2F,80,25,FB
CA8E,STX,80,2F,80,25,FB
CA90,NOP,80,2F,80,25,FB
CA91,CPY,80,2F,80,25,FB
CA93,BCS,80,2F,80,25,FB
CA9C,LDX,80,30,80,25,FB
CA9E,STX,80,30,80,25,FB
CAA0,NOP,80,30,80,25,FB
CAA1,CPY,80,30,80,A5,FB
CAA3,BCC,80,30,80,A5,FB
CAA5,BEQ,80,30,80,A5,FB
CAA7,BMI,80,30,80,A5,FB
CAAC,LDX,80,31,80,25,FB
CAAE,STX,80,31,80,25,FB
CAB0,NOP,80,31,80,25,FB
CAB1,BIT,80,31,80,E5,FB
CAB3,LDX,80,40,80,65,FB
CAB5,CPX,80,40,80,E7,FB
CAB7,BNE,80,40,80,E7,FB
CAB9,BMI,80,40,80,E7,FB
CAC2,LDA,32,40,80,65,FB
CAC4,STA,32,40,80,65,FB
CAC6,NOP,32,40,80,65,FB
CAC7,CLV,32,40,80,25,FB
CAC8,CPX,32,40,80,25,FB
CACA,BEQ,32,40,80,25,FB
CACC,BMI,32,40,80,25,FB
CACE,BCC,32,40,80,25,FB
CAD0,BVS,32,40,80,25,FB
CAD2,JMP,32,40,80,25,FB
CAD9,NOP,32,40,80,25,FB
CADA,CPX,32,40,80,A5,FB
CADC,BEQ,32,40,80,A5,FB
CADE,BPL,32,40,80,A5,FB
CAE0,BPL,32,40,80,A5,FB
CAE2,JMP,32,40,80,A5,FB
CAE9,NOP,32,40,80,A5,FB
CAEA,LDX,32,80,80,A5,FB
CAEC,CPX,32,80,80,A5,FB
CAEE,BEQ,32,80,80,A5,FB
CAF0,BPL,32,80,80,A5,FB
CAF2,BCC,32,80,80,A5,FB
CAF4,JMP,32,80,80,A5,FB
CAFB,NOP,32,80,80,A5,FB
CAFC,CPX,32,80,80,A7,FB
CAFE,BNE,32,80,80,A7,FB
CB00,BMI,32,80,80,A7,FB
CB07,LDA,36,80,80,25,FB
CB09,STA,36,80,80,25,FB
CB0B,NOP,36,80,80,25,FB
CB0C,CPX,36,80,80,25,FB
CB0E,BCS,36,80,80,25,FB
CB17,LDA,37,80,80,25,FB
CB19,STA,37,80,80,25,FB
CB1B,NOP,37,80,80,25,FB
CB1C,CPX,37,80,80,A5,FB
CB1E,BCC,37,80,80,A5,FB
CB20,BEQ,37,80,80,A5,FB
CB22,BMI,37,80,80,A5,FB
CB27,LDA,38,80,80,25,FB
CB29,STA,38,80,80,25,FB
CB2B,NOP,38,80,80,25,FB
CB2C,SEC,38,80,80,25,FB
CB2D,CLV,38,80,80,25,FB
CB2E,LDX,38,9F,80,A5,FB
CB30,BEQ,38,9F,80,A5,FB
CB32,BPL,38,9F,80,A5,FB
CB34,BVS,38,9F,80,A5,FB
CB36,BCC,38,9F,80,A5,FB
CB38,JMP,38,9F,80,A5,FB
CB3F,NOP,38,9F,80,A5,FB
CB40,CLC,38,9F,80,A4,FB
CB41,BIT,38,9F,80,E4,FB
CB43,LDX,38,00,80,66,FB
CB45,BNE,38,00,80,66,FB
CB47,BMI,38,00,80,66,FB
CB49,BVC,38,00,80,66,FB
CB4B,BCS,38,00,80,66,FB
CB4D,JMP,38,00,80,66,FB
CB54,NOP,38,00,80,66,FB
CB55,SEC,38,00,80,67,FB
CB56,CLV,38,00,80,27,FB
CB57,LDY,38,00,9F,A5,FB
CB59,BEQ,38,00,9F,A5,FB
CB5B,BPL,38,00,9F,A5,FB
CB5D,BVS,38,00,9F,A5,FB
CB5F,BCC,38,00,9F,A5,FB
CB61,JMP,38,00,9F,A5,FB
CB68,NOP,38,00,9F,A5,FB
CB69,CLC,38,00,9F,A4,FB
CB6A,BIT,38,00,9F,E4,FB
CB6C,LDY,38,00,00,66,FB
CB6E,BNE,38,00,00,66,FB
CB70,BMI,38,00,00,66,FB
CB72,BVC,38,00,00,66,FB
CB74,BCS,38,00,00,66,FB
CB76,JMP,38,00,00,66,FB
CB7D,NOP,38,00,00,66,FB
CB7E,LDA,55,00,00,64,FB
CB80,LDX,55,AA,00,E4,FB
CB82,LDY,55,AA,33,64,FB
CB84,CMP,55,AA,33,67,FB
CB86,BNE,55,AA,33,67,FB
CB88,CPX,55,AA,33,67,FB
CB8A,BNE,55,AA,33,67,FB
CB8C,CPY,55,AA,33,67,FB
CB8E,BNE,55,AA,33,67,FB
CB90,CMP,55,AA,33,67,FB
CB92,BNE,55,AA,33,67,FB
CB94,CPX,55,AA,33,67,FB
CB96,BNE,55,AA,33,67,FB
CB98,CPY,55,AA,33,67,FB
CB9A,BNE,55,AA,33,67,FB
CB9C,CMP,55,AA,33,E7,FB
CB9E,BEQ,55,AA,33,E7,FB
CBAB,LDX,55,3D,33,65,FB
CBAD,STX,55,3D,33,65,FB
CBAF,LDY,55,3D,71,65,FB
CBB1,JSR,55,3D,71,65,F9
F931,BIT,55,3D,71,E5,F9
F933,LDA,40,3D,71,65,F9
F935,SEC,40,3D,71,65,F9
F936,RTS,40,3D,71,65,FB
CBB4,SBC,00,3D,71,26,FB
CBB6,JSR,00,3D,71,26,F9
F937,BMI,00,3D,71,26,F9
F939,BCC,00,3D,71,26,F9
F944,STY,00,3D,71,26,F9
F946,RTS,00,3D,71,26,FB
CBB9,INY,00,3D,72,24,FB
CBBA,JSR,00,3D,72,24,F9
F947,CLV,00,3D,72,24,F9
F948,SEC,00,3D,72,25,F9
F949,LDA,40,3D,72,25,F9
F94B,RTS,40,3D,72,25,FB
CBBD,SBC,01,3D,72,24,FB
CBBF,JSR,01,3D,72,24,F9
F94C,BEQ,01,3D,72,24,F9
F94E,BMI,01,3D,72,24,F9
F950,BCC,01,3D,72,24,F9
F959,STY,01,3D,72,24,F9
F95B,RTS,01,3D,72,24,FB
CBC2,INY,01,3D,73,24,FB
CBC3,JSR,01,3D,73,24,F9
F95C,LDA,40,3D,73,24,F9
F95E,SEC,40,3D,73,25,F9
F95F,BIT,40,3D,73,E5,F9
F961,RTS,40,3D,73,E5,FB
CBC6,SBC,FF,3D,73,E5,FB
CBC8,JSR,FF,3D,73,E5,F9
F962,BCS,FF,3D,73,E5,F9
F96F,STY,FF,3D,73,E5,F9
F971,RTS,FF,3D,73,E5,FB
CBCB,INY,FF,3D,74,65,FB
CBCC,JSR,FF,3D,74,65,F9
F972,CLC,FF,3D,74,64,F9
F973,LDA,80,3D,74,E4,F9
F975,RTS,80,3D,74,E4,FB
CBCF,SBC,7F,3D,74,65,FB
CBD1,JSR,7F,3D,74,65,F9
F976,BCC,7F,3D,74,65,F9
F978,CMP,7F,3D,74,67,F9
F97A,BNE,7F,3D,74,67,F9
F97C,RTS,7F,3D,74,67,FB
CBD4,INY,7F,3D,75,65,FB
CBD5,JSR,7F,3D,75,65,F9
F980,SEC,7F,3D,75,65,F9
F981,LDA,81,3D,75,E5,F9
F983,RTS,81,3D,75,E5,FB
CBD8,SBC,02,3D,75,24,FB
CBDA,JSR,02,3D,75,24,F9
F984,BVC,02,3D,75,24,F9
F98D,STY,02,3D,75,24,F9
F98F,RTS,02,3D,75,24,FB
CBDD,RTS,02,3D,75,24,FD
C606,JSR,02,3D,75,24,FB
CBDE,NOP,02,3D,75,24,FB
CBDF,LDA,FF,3D,75,A4,FB
CBE1,STA,FF,3D,75,A4,FB
CBE3,LDA,44,3D,75,24,FB
CBE5,LDX,44,55,75,24,FB
CBE7,LDY,44,55,66,24,FB
CBE9,INX,44,56,66,24,FB
CBEA,DEY,44,56,65,24,FB
CBEB,CPX,44,56,65,A7,FB
CBED,BNE,44,56,65,A7,FB
CBEF,CPY,44,56,65,A7,FB
CBF1,BNE,44,56,65,A7,FB
CBF3,INX,44,57,65,25,FB
CBF4,INX,44,58,65,25,FB
CBF5,DEY,44,58,64,25,FB
CBF6,DEY,44,58,63,25,FB
CBF7,CPX,44,58,63,A7,FB
CBF9,BNE,44,58,63,A7,FB
CBFB,CPY,44,58,63,A7,FB
CBFD,BNE,44,58,63,A7,FB
CBFF,DEX,44,57,63,25,FB
CC00,INY,44,57,64,25,FB
CC01,CPX,44,57,64,A7,FB
CC03,BNE,44,57,64,A7,FB
CC05,CPY,44,57,64,A7,FB
CC07,BNE,44,57,64,A7,FB
CC09,CMP,44,57,64,A7,FB
CC0B,BNE,44,57,64,A7,FB
CC0D,JMP,44,57,64,A7,FB
CC14,NOP,44,57,64,A7,FB
CC15,SEC,44,57,64,A7,FB
CC16,LDX,44,69,64,25,FB
CC18,LDA,96,69,64,A5,FB
CC1A,BIT,96,69,64,E5,FB
CC1C,LDY,96,69,FF,E5,FB
CC1E,INY,96,69,00,67,FB
CC1F,BNE,96,69,00,67,FB
CC21,BMI,96,69,00,67,FB
CC23,BCC,96,69,00,67,FB
CC25,BVC,96,69,00,67,FB
CC27,CPY,96,69,00,67,FB
CC29,BNE,96,69,00,67,FB
CC2B,INY,96,69,01,65,FB
CC2C,BEQ,96,69,01,65,FB
CC2E,BMI,96,69,01,65,FB
CC30,BCC,96,69,01,65,FB
CC32,BVC,96,69,01,65,FB
CC34,CLC,96,69,01,64,FB
CC35,CLV,96,69,01,24,FB
CC36,LDY,96,69,00,26,FB
CC38,DEY,96,69,FF,A4,FB
CC39,BEQ,96,69,FF,A4,FB
CC3B,BPL,96,69,FF,A4,FB
CC3D,BCS,96,69,FF,A4,FB
CC3F,BVS,96,69,FF,A4,FB
CC41,CPY,96,69,FF,A7,FB
CC43,BNE,96,69,FF,A7,FB
CC45,CLC,96,69,FF,A6,FB
CC46,DEY,96,69,FE,A4,FB
CC47,BEQ,96,69,FE,A4,FB
CC49,BPL,96,69,FE,A4,FB
CC4B,BCS,96,69,FE,A4,FB
CC4D,BVS,96,69,FE,A4,FB
CC4F,CPY,96,69,FE,A7,FB
CC51,BNE,96,69,FE,A7,FB
CC53,CMP,96,69,FE,A7,FB
CC55,BNE,96,69,FE,A7,FB
CC57,CPX,96,69,FE,A7,FB
CC59,BNE,96,69,FE,A7,FB
CC5B,JMP,96,69,FE,A7,FB
CC62,NOP,96,69,FE,A7,FB
CC63,SEC,96,69,FE,A7,FB
CC64,LDY,96,69,69,25,FB
CC66,LDA,96,69,69,A5,FB
CC68,BIT,96,69,69,E5,FB
CC6A,LDX,96,FF,69,E5,FB
CC6C,INX,96,00,69,67,FB
CC6D,BNE,96,00,69,67,FB
CC6F,BMI,96,00,69,67,FB
CC71,BCC,96,00,69,67,FB
CC73,BVC,96,00,69,67,FB
CC75,CPX,96,00,69,67,FB
CC77,BNE,96,00,69,67,FB
CC79,INX,96,01,69,65,FB
CC7A,BEQ,96,01,69,65,FB
CC7C,BMI,96,01,69,65,FB
CC7E,BCC,96,01,69,65,FB
CC80,BVC,96,01,69,65,FB
CC82,CLC,96,01,69,64,FB
CC83,CLV,96,01,69,24,FB
CC84,LDX,96,00,69,26,FB
CC86,DEX,96,FF,69,A4,FB
CC87,BEQ,96,FF,69,A4,FB
CC89,BPL,96,FF,69,A4,FB
CC8B,BCS,96,FF,69,A4,FB
CC8D,BVS,96,FF,69,A4,FB
CC8F,CPX,96,FF,69,A7,FB
CC91,BNE,96,FF,69,A7,FB
CC93,CLC,96,FF,69,A6,FB
CC94,DEX,96,FE,69,A4,FB
CC95,BEQ,96,FE,69,A4,FB
CC97,BPL,96,FE,69,A4,FB
CC99,BCS,96,FE,69,A4,FB
CC9B,BVS,96,FE,69,A4,FB
CC9D,CPX,96,FE,69,A7,FB
CC9F,BNE,96,FE,69,A7,FB
CCA1,CMP,96,FE,69,A7,FB
CCA3,BNE,96,FE,69,A7,FB
CCA5,CPY,96,FE,69,A7,FB
CCA7,BNE,96,FE,69,A7,FB
CCA9,JMP,96,FE,69,A7,FB
CCB0,NOP,96,FE,69,A7,FB
CCB1,LDA,85,FE,69,A5,FB
CCB3,LDX,85,34,69,25,FB
CCB5,LDY,85,34,99,A5,FB
CCB7,CLC,85,34,99,A4,FB
CCB8,BIT,85,34,99,E4,FB
CCBA,TAY,85,34,85,E4,FB
CCBB,BEQ,85,34,85,E4,FB
CCBD,BCS,85,34,85,E4,FB
CCBF,BVC,85,34,85,E4,FB
CCC1,BPL,85,34,85,E4,FB
CCC3,CMP,85,34,85,E7,FB
CCC5,BNE,85,34,85,E7,FB
CCC7,CPX,85,34,85,E7,FB
CCC9,BNE,85,34,85,E7,FB
CCCB,CPY,85,34,85,E7,FB
CCCD,BNE,85,34,85,E7,FB
CCCF,LDA,00,34,85,67,FB
CCD1,SEC,00,34,85,67,FB
CCD2,CLV,00,34,85,27,FB
CCD3,TAY,00,34,00,27,FB
CCD4,BNE,00,34,00,27,FB
CCD6,BCC,00,34,00,27,FB
CCD8,BVS,00,34,00,27,FB
CCDA,BMI,00,34,00,27,FB
CCDC,CMP,00,34,00,27,FB
CCDE,BNE,00,34,00,27,FB
CCE0,CPX,00,34,00,27,FB
CCE2,BNE,00,34,00,27,FB
CCE4,CPY,00,34,00,27,FB
CCE6,BNE,00,34,00,27,FB
CCE8,JMP,00,34,00,27,FB
CCEF,NOP,00,34,00,27,FB
CCF0,LDA,85,34,00,A5,FB
CCF2,LDX,85,34,00,25,FB
CCF4,LDY,85,34,99,A5,FB
CCF6,CLC,85,34,99,A4,FB
CCF7,BIT,85,34,99,E4,FB
CCF9,TAX,85,85,99,E4,FB
CCFA,BEQ,85,85,99,E4,FB
CCFC,BCS,85,85,99,E4,FB
CCFE,BVC,85,85,99,E4,FB
CD00,BPL,85,85,99,E4,FB
CD02,CMP,85,85,99,E7,FB
CD04,BNE,85,85,99,E7,FB
CD06,CPX,85,85,99,E7,FB
CD08,BNE,85,85,99,E7,FB
CD0A,CPY,85,85,99,E7,FB
CD0C,BNE,85,85,99,E7,FB
CD0E,LDA,00,85,99,67,FB
CD10,SEC,00,85,99,67,FB
CD11,CLV,00,85,99,27,FB
CD12,TAX,00,00,99,27,FB
CD13,BNE,00,00,99,27,FB
CD15,BCC,00,00,99,27,FB
CD17,BVS,00,00,99,27,FB
CD19,BMI,00,00,99,27,FB
CD1B,CMP,00,00,99,27,FB
CD1D,BNE,00,00,99,27,FB
CD1F,CPX,00,00,99,27,FB
CD21,BNE,00,00,99,27,FB
CD23,CPY,00,00,99,27,FB
CD25,BNE,00,00,99,27,FB
CD27,JMP,00,00,99,27,FB
CD2E,NOP,00,00,99,27,FB
CD2F,LDA,85,00,99,A5,FB
CD31,LDX,85,34,99,25,FB
CD33,LDY,85,34,99,A5,FB
CD35,CLC,85,34,99,A4,FB
CD36,BIT,85,34,99,E4,FB
CD38,TYA,99,34,99,E4,FB
CD39,BEQ,99,34,99,E4,FB
CD3B,BCS,99,34,99,E4,FB
CD3D,BVC,99,34,99,E4,FB
CD3F,BPL,99,34,99,E4,FB
CD41,CMP,99,34,99,E7,FB
CD43,BNE,99,34,99,E7,FB
CD45,CPX,99,34,99,E7,FB
CD47,BNE,99,34,99,E7,FB
CD49,CPY,99,34,99,E7,FB
CD4B,BNE,99,34,99,E7,FB
CD4D,LDY,99,34,00,67,FB
CD4F,SEC,99,34,00,67,FB
CD50,CLV,99,34,00,27,FB
CD51,TYA,00,34,00,27,FB
CD52,BNE,00,34,00,27,FB
CD54,BCC,00,34,00,27,FB
CD56,BVS,00,34,00,27,FB
CD58,BMI,00,34,00,27,FB
CD5A,CMP,00,34,00,27,FB
CD5C,BNE,00,34,00,27,FB
CD5E,CPX,00,34,00,27,FB
CD60,BNE,00,34,00,27,FB
CD62,CPY,00,34,00,27,FB
CD64,BNE,00,34,00,27,FB
CD66,JMP,00,34,00,27,FB
CD6D,NOP,00,34,00,27,FB
CD6E,LDA,85,34,00,A5,FB
CD70,LDX,85,34,00,25,FB
CD72,LDY,85,34,99,A5,FB
CD74,CLC,85,34,99,A4,FB
CD75,BIT,85,34,99,E4,FB
CD77,TXA,34,34,99,64,FB
CD78,BEQ,34,34,99,64,FB
CD7A,BCS,34,34,99,64,FB
CD7C,BVC,34,34,99,64,FB
CD7E,BMI,34,34,99,64,FB
CD80,CMP,34,34,99,67,FB
CD82,BNE,34,34,99,67,FB
CD84,CPX,34,34,99,67,FB
CD86,BNE,34,34,99,67,FB
CD88,CPY,34,34,99,67,FB
CD8A,BNE,34,34,99,67,FB
CD8C,LDX,34,00,99,67,FB
CD8E,SEC,34,00,99,67,FB
CD8F,CLV,34,00,99,27,FB
CD90,TXA,00,00,99,27,FB
CD91,BNE,00,00,99,27,FB
CD93,BCC,00,00,99,27,FB
CD95,BVS,00,00,99,27,FB
CD97,BMI,00,00,99,27,FB
CD99,CMP,00,00,99,27,FB
CD9B,BNE,00,00,99,27,FB
CD9D,CPX,00,00,99,27,FB
CD9F,BNE,00,00,99,27,FB
CDA1,CPY,00,00,99,27,FB
CDA3,BNE,00,00,99,27,FB
CDA5,JMP,00,00,99,27,FB
CDAC,NOP,00,00,99,27,FB
CDAD,TSX,00,FB,99,A5,FB
CDAE,STX,00,FB,99,A5,FB
CDB1,LDY,00,FB,33,25,FB
CDB3,LDX,00,69,33,25,FB
CDB5,LDA,84,69,33,A5,FB
CDB7,CLC,84,69,33,A4,FB
CDB8,BIT,84,69,33,E4,FB
CDBA,TXS,84,69,33,E4,69
CDBB,BEQ,84,69,33,E4,69
CDBD,BPL,84,69,33,E4,69
CDBF,BCS,84,69,33,E4,69
CDC1,BVC,84,69,33,E4,69
CDC3,CMP,84,69,33,E7,69
CDC5,BNE,84,69,33,E7,69
CDC7,CPX,84,69,33,E7,69
CDC9,BNE,84,69,33,E7,69
CDCB,CPY,84,69,33,E7,69
CDCD,BNE,84,69,33,E7,69
CDCF,LDY,84,69,01,65,69
CDD1,LDA,04,69,01,65,69
CDD3,SEC,04,69,01,65,69
CDD4,CLV,04,69,01,25,69
CDD5,LDX,04,00,01,27,69
CDD7,TSX,04,69,01,25,69
CDD8,BEQ,04,69,01,25,69
CDDA,BMI,04,69,01,25,69
CDDC,BCC,04,69,01,25,69
CDDE,BVS,04,69,01,25,69
CDE0,CPX,04,69,01,A7,69
CDE2,BNE,04,69,01,A7,69
CDE4,CMP,04,69,01,A7,69
CDE6,BNE,04,69,01,A7,69
CDE8,CPY,04,69,01,A7,69
CDEA,BNE,04,69,01,A7,69
CDEC,JMP,04,69,01,A7,69
CDF3,LDX,04,FB,01,A5,69
CDF6,TXS,04,FB,01,A5,FB
CDF7,RTS,04,FB,01,A5,FD
C609,JSR,04,FB,01,A5,FB
CDF8,LDA,FF,FB,01,A5,FB
CDFA,STA,FF,FB,01,A5,FB
CDFC,TSX,FF,FB,01,A5,FB
CDFD,STX,FF,FB,01,A5,FB
CE00,NOP,FF,FB,01,A5,FB
CE01,LDX,FF,80,01,A5,FB
CE03,TXS,FF,80,01,A5,80
CE04,LDA,33,80,01,25,80
CE06,PHA,33,80,01,25,7F
CE07,LDA,69,80,01,25,7F
CE09,PHA,69,80,01,25,7E
CE0A,TSX,69,7E,01,25,7E
CE0B,CPX,69,7E,01,A7,7E
CE0D,BNE,69,7E,01,A7,7E
CE0F,PLA,69,7E,01,25,7F
CE10,CMP,69,7E,01,27,7F
CE12,BNE,69,7E,01,27,7F
CE14,PLA,33,7E,01,25,80
CE15,CMP,33,7E,01,27,80
CE17,BNE,33,7E,01,27,80
CE19,TSX,33,80,01,A5,80
CE1A,CPX,33,80,01,A7,80
CE1C,BNE,33,80,01,A7,80
CE1E,LDA,00,80,01,27,80
CE21,CMP,00,80,01,A7,80
CE23,BNE,00,80,01,A7,80
CE25,LDA,00,80,01,27,80
CE28,CMP,00,80,01,A7,80
CE2A,BNE,00,80,01,A7,80
CE2C,JMP,00,80,01,A7,80
CE33,NOP,00,80,01,A7,80
CE34,LDX,00,80,01,A5,80
CE36,TXS,00,80,01,A5,80
CE37,JSR,00,80,01,A5,7E
CE3D,TSX,00,7E,01,25,7E
CE3E,CPX,00,7E,01,A7,7E
CE40,BNE,00,7E,01,A7,7E
CE42,PLA,38,7E,01,25,7F
CE43,PLA,CE,7E,01,A5,80
CE44,TSX,CE,80,01,A5,80
CE45,CPX,CE,80,01,A7,80
CE47,BNE,CE,80,01,A7,80
CE49,LDA,00,80,01,27,80
CE4B,JSR,00,80,01,27,7E
CE4E,PLA,4C,80,01,25,7F
CE4F,CMP,4C,80,01,A5,7F
CE51,BNE,4C,80,01,A5,7F
CE5B,LDX,4C,47,01,25,7F
CE5D,STX,4C,47,01,25,7F
CE5F,NOP,4C,47,01,25,7F
CE60,LDA,CE,47,01,A5,7F
CE62,PHA,CE,47,01,A5,7E
CE63,LDA,66,47,01,25,7E
CE65,PHA,66,47,01,25,7D
CE66,RTS,66,47,01,25,7F
CE68,RTS,66,47,01,25,81
00D0,BRK,66,47,01,25,7E
C5F4,RTI,66,47,01,25,81
00D1,BRK,66,47,01,25,7E
C5F4,RTI,66,47,01,25,81
00D2,BRK,66,47,01,25,7E
C5F4,RTI,66,47,01,25,81
00D3,BRK,66,47,01,25,7E
C5F4,RTI,66,47,01,25,81
00D4,BRK,66,47,01,25,7E
C5F4,RTI,66,47,01,25,81
00D5,BRK,66,47,01,25,7E
C5F4,RTI,66,47,01,25,81
00D6,BRK,66,47,01,25,7E
C5F4,RTI,66,47,01,25,81
00D7,BRK,66,47,01,25,7E
C5F4,RTI,66,47,01,25,81
00D8,BRK,66,47,01,25,7E
C5F4,RTI,66,47,01,25,81
00D9,BRK,66,47,01,25,7E
C5F4,RTI,66,47,01,25,81
00DA,BRK,66,47,01,25,7E
C5F4,RTI,66,47,01,25,81
00DB,BRK,66,47,01,25,7E
C5F4,RTI,66,47,01,25,81
00DC,BRK,66,47,01,25,7E
C5F4,RTI,66,47,01,25,81
00DD,BRK,66,47,01,25,7E
C5F4,RTI,66,47,01,25,81
00DE,BRK,66,47,01,25,7E
C5F4,RTI,66,47,01,25,81
00DF,BRK,66,47,01,25,7E
C5F4,RTI,66,47,01,25,81
00E0,BRK,66,47,01,25,7E
C5F4,RTI,66,47,01,25,81
00E1,BRK,66,47,01,25,7E
C5F4,RTI,66,47,01,25,81
00E2,BRK,66,47,01,25,7E
C5F4,RTI,66,47,01,25,81
00E3,BRK,66,47,01,25,7E
C5F4,RTI,66,47,01,25,81
00E4,BRK,66,47,01,25,7E
C5F4,RTI,66,47,01,25,81
00E5,BRK,66,47,01,25,7E
C5F4,RTI,66,47,01,25,81
00E6,BRK,66,47,01,25,7E
C5F4,RTI,66,47,01,25,81
00E7,BRK,66,47,01,25,7E
C5F4,RTI,66,47,01,25,81
00E8,BRK,66,47,01,25,7E
C5F4,RTI,66,47,01,25,81
00E9,BRK,66,47,01,25,7E
C5F4,RTI,66,47,01,25,81
00EA,BRK,66,47,01,25,7E
C5F4,RTI,66,47,01,25,81
00EB,BRK,66,47,01,25,7E
C5F4,RTI,66,47,01,25,81
00EC,BRK,66,47,01,25,7E
C5F4,RTI,66,47,01,25,81
00ED,BRK,66,47,01,25,7E
C5F4,RTI,66,47,01,25,81
00EE,BRK,66,47,01,25,7E
C5F4,RTI,66,47,01,25,81
00EF,BRK,66,47,01,25,7E
C5F4,RTI,66,47,01,25,81
00F0,BRK,66,47,01,25,7E
C5F4,RTI,66,47,01,25,81
00F1,BRK,66,47,01,25,7E
C5F4,RTI,66,47,01,25,81
00F2,BRK,66,47,01,25,7E
C5F4,RTI,66,47,01,25,81
00F3,BRK,66,47,01,25,7E
C5F4,RTI,66,47,01,25,81
00F4,BRK,66,47,01,25,7E
C5F4,RTI,66,47,01,25,81
00F5,BRK,66,47,01,25,7E
C5F4,RTI,66,47,01,25,81
00F6,BRK,66,47,01,25,7E
C5F4,RTI,66,47,01,25,81
00F7,BRK,66,47,01,25,7E
C5F4,RTI,66,47,01,25,81
00F8,BRK,66,47,01,25,7E
C5F4,RTI,66,47,01,25,81
00F9,BRK,66,47,01,25,7E
C5F4,RTI,66,47,01,25,81
00FA,RTI,66,47,01,20,84
0000,RTI,66,47,01,20,87
0000,RTI,66,47,01,20,8A
0000,RTI,66,47,01,20,8D
0000,RTI,66,47,01,20,90
0000,RTI,66,47,01,20,93
0000,RTI,66,47,01,20,96
0000,RTI,66,47,01,20,99
0000,RTI,66,47,01,20,9C
0000,RTI,66,47,01,20,9F
0000,RTI,66,47,01,20,A2
0000,RTI,66,47,01,20,A5
0000,RTI,66,47,01,20,A8
0000,RTI,66,47,01,20,AB
0000,RTI,66,47,01,20,AE
0000,RTI,66,47,01,20,B1
0000,RTI,66,47,01,20,B4
0000,RTI,66,47,01,20,B7
0000,RTI,66,47,01,20,BA
0000,RTI,66,47,01,20,BD
0000,RTI,66,47,01,20,C0
0000,RTI,66,47,01,20,C3
0000,RTI,66,47,01,20,C6
0000,RTI,66,47,01,20,C9
0000,RTI,66,47,01,20,CC
0000,RTI,66,47,01,20,CF
0000,RTI,66,47,01,20,D2
0000,RTI,66,47,01,20,D5
0000,RTI,66,47,01,20,D8
0000,RTI,66,47,01,20,DB
0000,RTI,66,47,01,20,DE
0000,RTI,66,47,01,20,E1
0000,RTI,66,47,01,20,E4
0000,RTI,66,47,01,20,E7
0000,RTI,66,47,01,20,EA
0000,RTI,66,47,01,20,ED
0000,RTI,66,47,01,20,F0
0000,RTI,66,47,01,20,F3
0000,RTI,66,47,01,20,F6
0000,RTI,66,47,01,20,F9
0000,RTI,66,47,01,EB,FC
0ACB,BRK,66,47,01,EB,F9
C5F4,RTI,66,47,01,EB,FC
0ACC,BRK,66,47,01,EB,F9
C5F4,RTI,66,47,01,EB,FC
0ACD,BRK,66,47,01,EB,F9
C5F4,RTI,66,47,01,EB,FC
0ACE,BRK,66,47,01,EB,F9
C5F4,RTI,66,47,01,EB,FC
0ACF,BRK,66,47,01,EB,F9
C5F4,RTI,66,47,01,EB,FC
0AD0,BRK,66,47,01,EB,F9
C5F4,RTI,66,47,01,EB,FC
0AD1,BRK,66,47,01,EB,F9
C5F4,RTI,66,47,01,EB,FC
0AD2,BRK,66,47,01,EB,F9
C5F4,RTI,66,47,01,EB,FC
0AD3,BRK,66,47,01,EB,F9
C5F4,RTI,66,47,01,EB,FC
0AD4,BRK,66,47,01,EB,F9
C5F4,RTI,66,47,01,EB,FC
0AD5,BRK,66,47,01,EB,F9
C5F4,RTI,66,47,01,EB,FC
0AD6,BRK,66,47,01,EB,F9
C5F4,RTI,66,47,01,EB,FC
0AD7,BRK,66,47,01,EB,F9
C5F4,RTI,66,47,01,EB,FC
0AD8,BRK,66,47,01,EB,F9
C5F4,RTI,66,47,01,EB,FC
0AD9,BRK,66,47,01,EB,F9
C5F4,RTI,66,47,01,EB,FC
0ADA,BRK,66,47,01,EB,F9
C5F4,RTI,66,47,01,EB,FC
0ADB,BRK,66,47,01,EB,F9
C5F4,RTI,66,47,01,EB,FC
0ADC,BRK,66,47,01,EB,F9
C5F4,RTI,66,47,01,EB,FC
0ADD,BRK,66,47,01,EB,F9
C5F4,RTI,66,47,01,EB,FC
0ADE,BRK,66,47,01,EB,F9
C5F4,RTI,66,47,01,EB,FC
0ADF,BRK,66,47,01,EB,F9
C5F4,RTI,66,47,01,EB,FC
0AE0,BRK,66,47,01,EB,F9
C5F4,RTI,66,47,01,EB,FC
0AE1,BRK,66,47,01,EB,F9
C5F4,RTI,66,47,01,EB,FC
0AE2,BRK,66,47,01,EB,F9
C5F4,RTI,66,47,01,EB,FC
0AE3,BRK,66,47,01,EB,F9
C5F4,RTI,66,47,01,EB,FC
0AE4,BRK,66,47,01,EB,F9
C5F4,RTI,66,47,01,EB,FC
0AE5,BRK,66,47,01,EB,F9
C5F4,RTI,66,47,01,EB,FC
0AE6,BRK,66,47,01,EB,F9
C5F4,RTI,66,47,01,EB,FC
0AE7,BRK,66,47,01,EB,F9
C5F4,RTI,66,47,01,EB,FC
0AE8,BRK,66,47,01,EB,F9
C5F4,RTI,66,47,01,EB,FC
0AE9,BRK,66,47,01,EB,F9
C5F4,RTI,66,47,01,EB,FC
0AEA,BRK,66,47,01,EB,F9
C5F4,RTI,66,47,01,EB,FC
0AEB,BRK,66,47,01,EB,F9
C5F4,RTI,66,47,01,EB,FC
0AEC,BRK,66,47,01,EB,F9
C5F4,RTI,66,47,01,EB,FC
0AED,BRK,66,47,01,EB,F9
C5F4,RTI,66,47,01,EB,FC
0AEE,BRK,66,47,01,EB,F9
C5F4,RTI,66,47,01,EB,FC
0AEF,BRK,66,47,01,EB,F9
C5F4,RTI,66,47,01,EB,FC
0AF0,BRK,66,47,01,EB,F9
C5F4,RTI,66,47,01,EB,FC
0AF1,BRK,66,47,01,EB,F9
C5F4,RTI,66,47,01,EB,FC
0AF2,BRK,66,47,01,EB,F9
C5F4,RTI,66,47,01,EB,FC
0AF3,BRK,66,47,01,EB,F9
C5F4,RTI,66,47,01,EB,FC
0AF4,BRK,66,47,01,EB,F9
C5F4,RTI,66,47,01,EB,FC
0AF5,BRK,66,47,01,EB,F9
C5F4,RTI,66,47,01,EB,FC
0AF6,BRK,66,47,01,EB,F9
C5F4,RTI,66,47,01,EB,FC
0AF7,BRK,66,47,01,EB,F9
C5F4,RTI,66,47,01,EB,FC
0AF8,BRK,66,47,01,EB,F9
C5F4,RTI,66,47,01,EB,FC
0AF9,BRK,66,47,01,EB,F9
C5F4,RTI,66,47,01,EB,FC
0AFA,BRK,66,47,01,EB,F9
C5F4,RTI,66,47,01,EB,FC
0AFB,BRK,66,47,01,EB,F9
C5F4,RTI,66,47,01,EB,FC
0AFC,BRK,66,47,01,EB,F9
C5F4,RTI,66,47,01,EB,FC
0AFD,BRK,66,47,01,EB,F9
C5F4,RTI,66,47,01,EB,FC
0AFE,BRK,66,47,01,EB,F9
C5F4,RTI,66,47,01,EB,FC
0AFF,BRK,66,47,01,EB,F9
C5F4,RTI,66,47,01,EB,FC
0B00,BRK,66,47,01,EB,F9
C5F4,RTI,66,47,01,EB,FC
0B01,BRK,66,47,01,EB,F9
C5F4,RTI,66,47,01,EB,FC
0B02,BRK,66,47,01,EB,F9
C5F4,RTI,66,47,01,EB,FC
0B03,BRK,66,47,01,EB,F9
C5F4,RTI,66,47,01,EB,FC
0B04,BRK,66,47,01,EB,F9
C5F4,RTI,66,47,01,EB,FC
0B05,BRK,66,47,01,EB,F9
C5F4,RTI,66,47,01,EB,FC
0B06,BRK,66,47,01,EB,F9
C5F4,RTI,66,47,01,EB,FC
0B07,BRK,66,47,01,EB,F9
C5F4,RTI,66,47,01,EB,FC
0B08,BRK,66,47,01,EB,F9
C5F4,RTI,66,47,01,EB,FC
0B09,BRK,66,47,01,EB,F9
C5F4,RTI,66,47,01,EB,FC
0B0A,BRK,66,47,01,EB,F9
C5F4,RTI,66,47,01,EB,FC
0B0B,BRK,66,47,01,EB,F9
C5F4,RTI,66,47,01,EB,FC
0B0C,BRK,66,47,01,EB,F9
C5F4,RTI,66,47,01,EB,FC
0B0D,BRK,66,47,01,EB,F9
C5F4,RTI,66,47,01,EB,FC
0B0E,BRK,66,47,01,EB,F9
C5F4,RTI,66,47,01,EB,FC
0B0F,BRK,66,47,01,EB,F9
C5F4,RTI,66,47,01,EB,FC
0B10,BRK,66,47,01,EB,F9
C5F4,RTI,66,47,01,EB,FC
0B11,BRK,66,47,01,EB,F9
C5F4,RTI,66,47,01,EB,FC
0B12,BRK,66,47,01,EB,F9
C5F4,RTI,66,47,01,EB,FC
0B13,BRK,66,47,01,EB,F9
C5F4,RTI,66,47,01,EB,FC
0B14,BRK,66,47,01,EB,F9
C5F4,RTI,66,47,01,EB,FC
0B15,BRK,66,47,01,EB,F9
C5F4,RTI,66,47,01,EB,FC
0B16,BRK,66,47,01,EB,F9
C5F4,RTI,66,47,01,EB,FC
0B17,BRK,66,47,01,EB,F9
C5F4,RTI,66,47,01,EB,FC
0B18,BRK,66,47,01,EB,F9
C5F4,RTI,66,47,01,EB,FC
0B19,BRK,66,47,01,EB,F9
C5F4,RTI,66,47,01,EB,FC
0B1A,BRK,66,47,01,EB,F9
C5F4,RTI,66,47,01,EB,FC
0B1B,BRK,66,47,01,EB,F9
C5F4,RTI,66,47,01,EB,FC
0B1C,BRK,66,47,01,EB,F9
C5F4,RTI,66,47,01,EB,FC
0B1D,BRK,66,47,01,EB,F9
C5F4,RTI,66,47,01,EB,FC
0B1E,BRK,66,47,01,EB,F9
C5F4,RTI,66,47,01,EB,FC
0B1F,BRK,66,47,01,EB,F9
C5F4,RTI,66,47,01,EB,FC
0B20,BRK,66,47,01,EB,F9
C5F4,RTI,66,47,01,EB,FC
0B21,BRK,66,47,01,EB,F9
C5F4,RTI,66,47,01,EB,FC
0B22,BRK,66,47,01,EB,F9
C5F4,RTI,66,47,01,EB,FC
0B23,BRK,66,47,01,EB,F9
C5F4,RTI,66,47,01,EB,FC
0B24,BRK,66,47,01,EB,F9
C5F4,RTI,66,47,01,EB,FC
0B25,BRK,66,47,01,EB,F9
C5F4,RTI,66,47,01,EB,FC
0B26,BRK,66,47,01,EB,F9
C5F4,RTI,66,47,01,EB,FC
0B27,BRK,66,47,01,EB,F9
C5F4,RTI,66,47,01,EB,FC
0B28,BRK,66,47,01,EB,F9
C5F4,RTI,66,47,01,EB,FC
0B29,BRK,66,47,01,EB,F9
C5F4,RTI,66,47,01,EB,FC
0B2A,BRK,66,47,01,EB,F9
C5F4,RTI,66,47,01,EB,FC
0B2B,BRK,66,47,01,EB,F9
C5F4,RTI,66,47,01,EB,FC
0B2C,BRK,66,47,01,EB,F9
C5F4,RTI,66,47,01,EB,FC
0B2D,BRK,66,47,01,EB,F9
C5F4,RTI,66,47,01,EB,FC
0B2E,BRK,66,47,01,EB,F9
C5F4,RTI,66,47,01,EB,FC
0B2F,BRK,66,47,01,EB,F9
C5F4,RTI,66,47,01,EB,FC
0B30,BRK,66,47,01,EB,F9
C5F4,RTI,66,47,01,EB,FC
0B31,BRK,66,47,01,EB,F9
C5F4,RTI,66,47,01,EB,FC
0B32,BRK,66,47,01,EB,F9
C5F4,RTI,66,47,01,EB,FC
0B33,BRK,66,47,01,EB,F9
C5F4,RTI,66,47,01,EB,FC
0B34,BRK,66,47,01,EB,F9
C5F4,RTI,66,47,01,EB,FC
0B35,BRK,66,47,01,EB,F9
C5F4,RTI,66,47,01,EB,FC
0B36,BRK,66,47,01,EB,F9
C5F4,RTI,66,47,01,EB,FC
0B37,BRK,66,47,01,EB,F9
C5F4,RTI,66,47,01,EB,FC
0B38,BRK,66,47,01,EB,F9
C5F4,RTI,66,47,01,EB,FC
0B39,BRK,66,47,01,EB,F9
C5F4,RTI,66,47,01,EB,FC
0B3A,BRK,66,47,01,EB,F9
C5F4,RTI,66,47,01,EB,FC
0B3B,BRK,66,47,01,EB,F9
C5F4,RTI,66,47,01,EB,FC
0B3C,BRK,66,47,01,EB,F9
C5F4,RTI,66,47,01,EB,FC
0B3D,BRK,66,47,01,EB,F9
C5F4,RTI,66,47,01,EB,FC
0B3E,BRK,66,47,01,EB,F9
C5F4,RTI,66,47,01,EB,FC
0B3F,BRK,66,47,01,EB,F9
C5F4,RTI,66,47,01,EB,FC
0B40,BRK,66,47,01,EB,F9
C5F4,RTI,66,47,01,EB,FC
0B41,BRK,66,47,01,EB,F9
C5F4,RTI,66,47,01,EB,FC
0B42,BRK,66,47,01,EB,F9
C5F4,RTI,66,47,01,EB,FC
0B43,BRK,66,47,01,EB,F9
C5F4,RTI,66,47,01,EB,FC
0B44,BRK,66,47,01,EB,F9
C5F4,RTI,66,47,01,EB,FC
0B45,BRK,66,47,01,EB,F9
C5F4,RTI,66,47,01,EB,FC
0B46,BRK,66,47,01,EB,F9
C5F4,RTI,66,47,01,EB,FC
0B47,BRK,66,47,01,EB,F9
C5F4,RTI,66,47,01,EB,FC
0B48,BRK,66,47,01,EB,F9
C5F4,RTI,66,47,01,EB,FC
0B49,BRK,66,47,01,EB,F9
C5F4,RTI,66,47,01,EB,FC
0B4A,BRK,66,47,01,EB,F9
C5F4,RTI,66,47,01,EB,FC
0B4B,BRK,66,47,01,EB,F9
C5F4,RTI,66,47,01,EB,FC
0B4C,BRK,66,47,01,EB,F9
C5F4,RTI,66,47,01,EB,FC
0B4D,BRK,66,47,01,EB,F9
C5F4,RTI,66,47,01,EB,FC
0B4E,BRK,66,47,01,EB,F9
C5F4,RTI,66,47,01,EB,FC
0B4F,BRK,66,47,01,EB,F9
C5F4,RTI,66,47,01,EB,FC
0B50,BRK,66,47,01,EB,F9
C5F4,RTI,66,47,01,EB,FC
0B51,BRK,66,47,01,EB,F9
C5F4,RTI,66,47,01,EB,FC
0B52,BRK,66,47,01,EB,F9
C5F4,RTI,66,47,01,EB,FC
0B53,BRK,66,47,01,EB,F9
C5F4,RTI,66,47,01,EB,FC
0B54,BRK,66,47,01,EB,F9
C5F4,RTI,66,47,01,EB,FC
0B55,BRK,66,47,01,EB,F9
C5F4,RTI,66,47,01,EB,FC
0B56,BRK,66,47,01,EB,F9
C5F4,RTI,66,47,01,EB,FC
0B57,BRK,66,47,01,EB,F9
C5F4,RTI,66,47,01,EB,FC
0B58,BRK,66,47,01,EB,F9
C5F4,RTI,66,47,01,EB,FC
0B59,BRK,66,47,01,EB,F9
C5F4,RTI,66,47,01,EB,FC
0B5A,BRK,66,47,01,EB,F9
C5F4,RTI,66,47,01,EB,FC
0B5B,BRK,66,47,01,EB,F9
C5F4,RTI,66,47,01,EB,FC
0B5C,BRK,66,47,01,EB,F9
C5F4,RTI,66,47,01,EB,FC
0B5D,BRK,66,47,01,EB,F9
C5F4,RTI,66,47,01,EB,FC
0B5E,BRK,66,47,01,EB,F9
C5F4,RTI,66,47,01,EB,FC
0B5F,BRK,66,47,01,EB,F9
C5F4,RTI,66,47,01,EB,FC
0B60,BRK,66,47,01,EB,F9
C5F4,RTI,66,47,01,EB,FC
0B61,BRK,66,47,01,EB,F9
C5F4,RTI,66,47,01,EB,FC
0B62,BRK,66,47,01,EB,F9
C5F4,RTI,66,47,01,EB,FC
0B63,BRK,66,47,01,EB,F9
C5F4,RTI,66,47,01,EB,FC
0B64,BRK,66,47,01,EB,F9
C5F4,RTI,66,47,01,EB,FC
0B65,BRK,66,47,01,EB,F9
C5F4,RTI,66,47,01,EB,FC
0B66,BRK,66,47,01,EB,F9
C5F4,RTI,66,47,01,EB,FC
0B67,BRK,66,47,01,EB,F9
C5F4,RTI,66,47,01,EB,FC
0B68,BRK,66,47,01,EB,F9
C5F4,RTI,66,47,01,EB,FC
0B69,BRK,66,47,01,EB,F9
C5F4,RTI,66,47,01,EB,FC
0B6A,BRK,66,47,01,EB,F9
C5F4,RTI,66,47,01,EB,FC
0B6B,BRK,66,47,01,EB,F9
C5F4,RTI,66,47,01,EB,FC
0B6C,BRK,66,47,01,EB,F9
C5F4,RTI,66,47,01,EB,FC
0B6D,BRK,66,47,01,EB,F9
C5F4,RTI,66,47,01,EB,FC
0B6E,BRK,66,47,01,EB,F9
C5F4,RTI,66,47,01,EB,FC
0B6F,BRK,66,47,01,EB,F9
C5F4,RTI,66,47,01,EB,FC
0B70,BRK,66,47,01,EB,F9
C5F4,RTI,66,47,01,EB,FC
0B71,BRK,66,47,01,EB,F9
C5F4,RTI,66,47,01,EB,FC
0B72,BRK,66,47,01,EB,F9
C5F4,RTI,66,47,01,EB,FC
0B73,BRK,66,47,01,EB,F9
C5F4,RTI,66,47,01,EB,FC
0B74,BRK,66,47,01,EB,F9
C5F4,RTI,66,47,01,EB,FC
0B75,BRK,66,47,01,EB,F9
C5F4,RTI,66,47,01,EB,FC
0B76,BRK,66,47,01,EB,F9
C5F4,RTI,66,47,01,EB,FC
0B77,BRK,66,47,01,EB,F9
C5F4,RTI,66,47,01,EB,FC
0B78,BRK,66,47,01,EB,F9
C5F4,RTI,66,47,01,EB,FC
0B79,BRK,66,47,01,EB,F9
C5F4,RTI,66,47,01,EB,FC
0B7A,BRK,66,47,01,EB,F9
C5F4,RTI,66,47,01,EB,FC
0B7B,BRK,66,47,01,EB,F9
C5F4,RTI,66,47,01,EB,FC
0B7C,BRK,66,47,01,EB,F9
C5F4,RTI,66,47,01,EB,FC
0B7D,BRK,66,47,01,EB,F9
C5F4,RTI,66,47,01,EB,FC
0B7E,BRK,66,47,01,EB,F9
C5F4,RTI,66,47,01,EB,FC
0B7F,BRK,66,47,01,EB,F9
C5F4,RTI,66,47,01,EB,FC
0B80,BRK,66,47,01,EB,F9
C5F4,RTI,66,47,01,EB,FC
0B81,BRK,66,47,01,EB,F9
C5F4,RTI,66,47,01,EB,FC
0B82,BRK,66,47,01,EB,F9
C5F4,RTI,66,47,01,EB,FC
0B83,BRK,66,47,01,EB,F9
C5F4,RTI,66,47,01,EB,FC
0B84,BRK,66,47,01,EB,F9
C5F4,RTI,66,47,01,EB,FC
0B85,BRK,66,47,01,EB,F9
C5F4,RTI,66,47,01,EB,FC
0B86,BRK,66,47,01,EB,F9
C5F4,RTI,66,47,01,EB,FC
0B87,BRK,66,47,01,EB,F9
C5F4,RTI,66,47,01,EB,FC
0B88,BRK,66,47,01,EB,F9
C5F4,RTI,66,47,01,EB,FC
0B89,BRK,66,47,01,EB,F9
C5F4,RTI,66,47,01,EB,FC
0B8A,BRK,66,47,01,EB,F9
C5F4,RTI,66,47,01,EB,FC
0B8B,BRK,66,47,01,EB,F9
C5F4,RTI,66,47,01,EB,FC
0B8C,BRK,66,47,01,EB,F9
C5F4,RTI,66,47,01,EB,FC
0B8D,BRK,66,47,01,EB,F9
C5F4,RTI,66,47,01,EB,FC
0B8E,BRK,66,47,01,EB,F9
C5F4,RTI,66,47,01,EB,FC
0B8F,BRK,66,47,01,EB,F9
C5F4,RTI,66,47,01,EB,FC
0B90,BRK,66,47,01,EB,F9
C5F4,RTI,66,47,01,EB,FC
0B91,BRK,66,47,01,EB,F9
C5F4,RTI,66,47,01,EB,FC
0B92,BRK,66,47,01,EB,F9
C5F4,RTI,66,47,01,EB,FC
0B93,BRK,66,47,01,EB,F9
C5F4,RTI,66,47,01,EB,FC
0B94,BRK,66,47,01,EB,F9
C5F4,RTI,66,47,01,EB,FC
0B95,BRK,66,47,01,EB,F9
C5F4,RTI,66,47,01,EB,FC
0B96,BRK,66,47,01,EB,F9
C5F4,RTI,66,47,01,EB,FC
0B97,BRK,66,47,01,EB,F9
C5F4,RTI,66,47,01,EB,FC
0B98,BRK,66,47,01,EB,F9
C5F4,RTI,66,47,01,EB,FC
0B99,BRK,66,47,01,EB,F9
C5F4,RTI,66,47,01,EB,FC
0B9A,BRK,66,47,01,EB,F9
C5F4,RTI,66,47,01,EB,FC
0B9B,BRK,66,47,01,EB,F9
C5F4,RTI,66,47,01,EB,FC
0B9C,BRK,66,47,01,EB,F9
C5F4,RTI,66,47,01,EB,FC
0B9D,BRK,66,47,01,EB,F9
C5F4,RTI,66,47,01,EB,FC
0B9E,BRK,66,47,01,EB,F9
C5F4,RTI,66,47,01,EB,FC
0B9F,BRK,66,47,01,EB,F9
C5F4,RTI,66,47,01,EB,FC
0BA0,BRK,66,47,01,EB,F9
C5F4,RTI,66,47,01,EB,FC
0BA1,BRK,66,47,01,EB,F9
C5F4,RTI,66,47,01,EB,FC
0BA2,BRK,66,47,01,EB,F9
C5F4,RTI,66,47,01,EB,FC
0BA3,BRK,66,47,01,EB,F9
C5F4,RTI,66,47,01,EB,FC
0BA4,BRK,66,47,01,EB,F9
C5F4,RTI,66,47,01,EB,FC
0BA5,BRK,66,47,01,EB,F9
C5F4,RTI,66,47,01,EB,FC
0BA6,BRK,66,47,01,EB,F9
C5F4,RTI,66,47,01,EB,FC
0BA7,BRK,66,47,01,EB,F9
C5F4,RTI,66,47,01,EB,FC
0BA8,BRK,66,47,01,EB,F9
C5F4,RTI,66,47,01,EB,FC
0BA9,BRK,66,47,01,EB,F9
C5F4,RTI,66,47,01,EB,FC
0BAA,BRK,66,47,01,EB,F9
C5F4,RTI,66,47,01,EB,FC
0BAB,BRK,66,47,01,EB,F9
C5F4,RTI,66,47,01,EB,FC
0BAC,BRK,66,47,01,EB,F9
C5F4,RTI,66,47,01,EB,FC
0BAD,BRK,66,47,01,EB,F9
C5F4,RTI,66,47,01,EB,FC
0BAE,BRK,66,47,01,EB,F9
C5F4,RTI,66,47,01,EB,FC
0BAF,BRK,66,47,01,EB,F9
C5F4,RTI,66,47,01,EB,FC
0BB0,BRK,66,47,01,EB,F9
C5F4,RTI,66,47,01,EB,FC
0BB1,BRK,66,47,01,EB,F9
C5F4,RTI,66,47,01,EB,FC
0BB2,BRK,66,47,01,EB,F9
C5F4,RTI,66,47,01,EB,FC
0BB3,BRK,66,47,01,EB,F9
C5F4,RTI,66,47,01,EB,FC
0BB4,BRK,66,47,01,EB,F9
C5F4,RTI,66,47,01,EB,FC
0BB5,BRK,66,47,01,EB,F9
C5F4,RTI,66,47,01,EB,FC
0BB6,BRK,66,47,01,EB,F9
C5F4,RTI,66,47,01,EB,FC
0BB7,BRK,66,47,01,EB,F9
C5F4,RTI,66,47,01,EB,FC
0BB8,BRK,66,47,01,EB,F9
C5F4,RTI,66,47,01,EB,FC
0BB9,BRK,66,47,01,EB,F9
C5F4,RTI,66,47,01,EB,FC
0BBA,BRK,66,47,01,EB,F9
C5F4,RTI,66,47,01,EB,FC
0BBB,BRK,66,47,01,EB,F9
C5F4,RTI,66,47,01,EB,FC
0BBC,BRK,66,47,01,EB,F9
C5F4,RTI,66,47,01,EB,FC
0BBD,BRK,66,47,01,EB,F9
C5F4,RTI,66,47,01,EB,FC
0BBE,BRK,66,47,01,EB,F9
C5F4,RTI,66,47,01,EB,FC
0BBF,BRK,66,47,01,EB,F9
C5F4,RTI,66,47,01,EB,FC
0BC0,BRK,66,47,01,EB,F9
C5F4,RTI,66,47,01,EB,FC
0BC1,BRK,66,47,01,EB,F9
C5F4,RTI,66,47,01,EB,FC
0BC2,BRK,66,47,01,EB,F9
C5F4,RTI,66,47,01,EB,FC
0BC3,BRK,66,47,01,EB,F9
C5F4,RTI,66,47,01,EB,FC
0BC4,BRK,66,47,01,EB,F9
C5F4,RTI,66,47,01,EB,FC
0BC5,BRK,66,47,01,EB,F9
C5F4,RTI,66,47,01,EB,FC
0BC6,BRK,66,47,01,EB,F9
C5F4,RTI,66,47,01,EB,FC
0BC7,BRK,66,47,01,EB,F9
C5F4,RTI,66,47,01,EB,FC
0BC8,BRK,66,47,01,EB,F9
C5F4,RTI,66,47,01,EB,FC
0BC9,BRK,66,47,01,EB,F9
C5F4,RTI,66,47,01,EB,FC
0BCA,BRK,66,47,01,EB,F9
C5F4,RTI,66,47,01,EB,FC
0BCB,BRK,66,47,01,EB,F9
C5F4,RTI,66,47,01,EB,FC
0BCC,BRK,66,47,01,EB,F9
C5F4,RTI,66,47,01,EB,FC
0BCD,BRK,66,47,01,EB,F9
C5F4,RTI,66,47,01,EB,FC
0BCE,BRK,66,47,01,EB,F9
C5F4,RTI,66,47,01,EB,FC
0BCF,BRK,66,47,01,EB,F9
C5F4,RTI,66,47,01,EB,FC
0BD0,BRK,66,47,01,EB,F9
C5F4,RTI,66,47,01,EB,FC
0BD1,BRK,66,47,01,EB,F9
C5F4,RTI,66,47,01,EB,FC
0BD2,BRK,66,47,01,EB,F9
C5F4,RTI,66,47,01,EB,FC
0BD3,BRK,66,47,01,EB,F9
C5F4,RTI,66,47,01,EB,FC
0BD4,BRK,66,47,01,EB,F9
C5F4,RTI,66,47,01,EB,FC
0BD5,BRK,66,47,01,EB,F9
C5F4,RTI,66,47,01,EB,FC
0BD6,BRK,66,47,01,EB,F9
C5F4,RTI,66,47,01,EB,FC
0BD7,BRK,66,47,01,EB,F9
C5F4,RTI,66,47,01,EB,FC
0BD8,BRK,66,47,01,EB,F9
C5F4,RTI,66,47,01,EB,FC
0BD9,BRK,66,47,01,EB,F9
C5F4,RTI,66,47,01,EB,FC
0BDA,BRK,66,47,01,EB,F9
C5F4,RTI,66,47,01,EB,FC
0BDB,BRK,66,47,01,EB,F9
C5F4,RTI,66,47,01,EB,FC
0BDC,BRK,66,47,01,EB,F9
C5F4,RTI,66,47,01,EB,FC
0BDD,BRK,66,47,01,EB,F9
C5F4,RTI,66,47,01,EB,FC
0BDE,BRK,66,47,01,EB,F9
C5F4,RTI,66,47,01,EB,FC
0BDF,BRK,66,47,01,EB,F9
C5F4,RTI,66,47,01,EB,FC
0BE0,BRK,66,47,01,EB,F9
C5F4,RTI,66,47,01,EB,FC
0BE1,BRK,66,47,01,EB,F9
C5F4,RTI,66,47,01,EB,FC
0BE2,BRK,66,47,01,EB,F9
C5F4,RTI,66,47,01,EB,FC
0BE3,BRK,66,47,01,EB,F9
C5F4,RTI,66,47,01,EB,FC
0BE4,BRK,66,47,01,EB,F9
C5F4,RTI,66,47,01,EB,FC
0BE5,BRK,66,47,01,EB,F9
C5F4,RTI,66,47,01,EB,FC
0BE6,BRK,66,47,01,EB,F9
C5F4,RTI,66,47,01,EB,FC
0BE7,BRK,66,47,01,EB,F9
C5F4,RTI,66,47,01,EB,FC
0BE8,BRK,66,47,01,EB,F9
C5F4,RTI,66,47,01,EB,FC
0BE9,BRK,66,47,01,EB,F9
C5F4,RTI,66,47,01,EB,FC
0BEA,BRK,66,47,01,EB,F9
C5F4,RTI,66,47,01,EB,FC
0BEB,BRK,66,47,01,EB,F9
C5F4,RTI,66,47,01,EB,FC
0BEC,BRK,66,47,01,EB,F9
C5F4,RTI,66,47,01,EB,FC
0BED,BRK,66,47,01,EB,F9
C5F4,RTI,66,47,01,EB,FC
0BEE,BRK,66,47,01,EB,F9
C5F4,RTI,66,47,01,EB,FC
0BEF,BRK,66,47,01,EB,F9
C5F4,RTI,66,47,01,EB,FC
0BF0,BRK,66,47,01,EB,F9
C5F4,RTI,66,47,01,EB,FC
0BF1,BRK,66,47,01,EB,F9
C5F4,RTI,66,47,01,EB,FC
0BF2,BRK,66,47,01,EB,F9
C5F4,RTI,66,47,01,EB,FC
0BF3,BRK,66,47,01,EB,F9
C5F4,RTI,66,47,01,EB,FC
0BF4,BRK,66,47,01,EB,F9
C5F4,RTI,66,47,01,EB,FC
0BF5,BRK,66,47,01,EB,F9
C5F4,RTI,66,47,01,EB,FC
0BF6,BRK,66,47,01,EB,F9
C5F4,RTI,66,47,01,EB,FC
0BF7,BRK,66,47,01,EB,F9
C5F4,RTI,66,47,01,EB,FC
0BF8,BRK,66,47,01,EB,F9
C5F4,RTI,66,47,01,EB,FC
0BF9,BRK,66,47,01,EB,F9
C5F4,RTI,66,47,01,EB,FC
0BFA,BRK,66,47,01,EB,F9
C5F4,RTI,66,47,01,EB,FC
0BFB,BRK,66,47,01,EB,F9
C5F4,RTI,66,47,01,EB,FC
0BFC,BRK,66,47,01,EB,F9
C5F4,RTI,66,47,01,EB,FC
0BFD,BRK,66,47,01,EB,F9
C5F4,RTI,66,47,01,EB,FC
0BFE,BRK,66,47,01,EB,F9
C5F4,RTI,66,47,01,EB,FC
0BFF,BRK,66,47,01,EB,F9
C5F4,RTI,66,47,01,EB,FC
0C00,BRK,66,47,01,EB,F9
C5F4,RTI,66,47,01,EB,FC
0C01,BRK,66,47,01,EB,F9
C5F4,RTI,66,47,01,EB,FC
0C02,BRK,66,47,01,EB,F9
C5F4,RTI,66,47,01,EB,FC
0C03,BRK,66,47,01,EB,F9
C5F4,RTI,66,47,01,EB,FC
0C04,BRK,66,47,01,EB,F9
C5F4,RTI,66,47,01,EB,FC
0C05,BRK,66,47,01,EB,F9
C5F4,RTI,66,47,01,EB,FC
0C06,BRK,66,47,01,EB,F9
C5F4,RTI,66,47,01,EB,FC
0C07,BRK,66,47,01,EB,F9
C5F4,RTI,66,47,01,EB,FC
0C08,BRK,66,47,01,EB,F9
C5F4,RTI,66,47,01,EB,FC
0C09,BRK,66,47,01,EB,F9
C5F4,RTI,66,47,01,EB,FC
0C0A,BRK,66,47,01,EB,F9
C5F4,RTI,66,47,01,EB,FC
0C0B,BRK,66,47,01,EB,F9
C5F4,RTI,66,47,01,EB,FC
0C0C,BRK,66,47,01,EB,F9
C5F4,RTI,66,47,01,EB,FC
0C0D,BRK,66,47,01,EB,F9
C5F4,RTI,66,47,01,EB,FC
0C0E,BRK,66,47,01,EB,F9
C5F4,RTI,66,47,01,EB,FC
0C0F,BRK,66,47,01,EB,F9
C5F4,RTI,66,47,01,EB,FC
0C10,BRK,66,47,01,EB,F9
C5F4,RTI,66,47,01,EB,FC
0C11,BRK,66,47,01,EB,F9
C5F4,RTI,66,47,01,EB,FC
0C12,BRK,66,47,01,EB,F9
C5F4,RTI,66,47,01,EB,FC
0C13,BRK,66,47,01,EB,F9
C5F4,RTI,66,47,01,EB,FC
0C14,BRK,66,47,01,EB,F9
C5F4,RTI,66,47,01,EB,FC
0C15,BRK,66,47,01,EB,F9
C5F4,RTI,66,47,01,EB,FC
0C16,BRK,66,47,01,EB,F9
C5F4,RTI,66,47,01,EB,FC
0C17,BRK,66,47,01,EB,F9
C5F4,RTI,66,47,01,EB,FC
0C18,BRK,66,47,01,EB,F9
C5F4,RTI,66,47,01,EB,FC
0C19,BRK,66,47,01,EB,F9
C5F4,RTI,66,47,01,EB,FC
0C1A,BRK,66,47,01,EB,F9
C5F4,RTI,66,47,01,EB,FC
0C1B,BRK,66,47,01,EB,F9
C5F4,RTI,66,47,01,EB,FC
0C1C,BRK,66,47,01,EB,F9
C5F4,RTI,66,47,01,EB,FC
0C1D,BRK,66,47,01,EB,F9
C5F4,RTI,66,47,01,EB,FC
0C1E,BRK,66,47,01,EB,F9
C5F4,RTI,66,47,01,EB,FC
0C1F,BRK,66,47,01,EB,F9
C5F4,RTI,66,47,01,EB,FC
0C20,BRK,66,47,01,EB,F9
C5F4,RTI,66,47,01,EB,FC
0C21,BRK,66,47,01,EB,F9
C5F4,RTI,66,47,01,EB,FC
0C22,BRK,66,47,01,EB,F9
C5F4,RTI,66,47,01,EB,FC
0C23,BRK,66,47,01,EB,F9
C5F4,RTI,66,47,01,EB,FC
0C24,BRK,66,47,01,EB,F9
C5F4,RTI,66,47,01,EB,FC
0C25,BRK,66,47,01,EB,F9
C5F4,RTI,66,47,01,EB,FC
0C26,BRK,66,47,01,EB,F9
C5F4,RTI,66,47,01,EB,FC
0C27,BRK,66,47,01,EB,F9
C5F4,RTI,66,47,01,EB,FC
0C28,BRK,66,47,01,EB,F9
C5F4,RTI,66,47,01,EB,FC
0C29,BRK,66,47,01,EB,F9
C5F4,RTI,66,47,01,EB,FC
0C2A,BRK,66,47,01,EB,F9
C5F4,RTI,66,47,01,EB,FC
0C2B,BRK,66,47,01,EB,F9
C5F4,RTI,66,47,01,EB,FC
0C2C,BRK,66,47,01,EB,F9
C5F4,RTI,66,47,01,EB,FC
0C2D,BRK,66,47,01,EB,F9
C5F4,RTI,66,47,01,EB,FC
0C2E,BRK,66,47,01,EB,F9
C5F4,RTI,66,47,01,EB,FC
0C2F,BRK,66,47,01,EB,F9
C5F4,RTI,66,47,01,EB,FC
0C30,BRK,66,47,01,EB,F9
C5F4,RTI,66,47,01,EB,FC
0C31,BRK,66,47,01,EB,F9
C5F4,RTI,66,47,01,EB,FC
0C32,BRK,66,47,01,EB,F9
C5F4,RTI,66,47,01,EB,FC
0C33,BRK,66,47,01,EB,F9
C5F4,RTI,66,47,01,EB,FC
0C34,BRK,66,47,01,EB,F9
C5F4,RTI,66,47,01,EB,FC
0C35,BRK,66,47,01,EB,F9
C5F4,RTI,66,47,01,EB,FC
0C36,BRK,66,47,01,EB,F9
C5F4,RTI,66,47,01,EB,FC
0C37,BRK,66,47,01,EB,F9
C5F4,RTI,66,47,01,EB,FC
0C38,BRK,66,47,01,EB,F9
C5F4,RTI,66,47,01,EB,FC
0C39,BRK,66,47,01,EB,F9
C5F4,RTI,66,47,01,EB,FC
0C3A,BRK,66,47,01,EB,F9
C5F4,RTI,66,47,01,EB,FC
0C3B,BRK,66,47,01,EB,F9
C5F4,RTI,66,47,01,EB,FC
0C3C,BRK,66,47,01,EB,F9
C5F4,RTI,66,47,01,EB,FC
0C3D,BRK,66,47,01,EB,F9
C5F4,RTI,66,47,01,EB,FC
0C3E,BRK,66,47,01,EB,F9
C5F4,RTI,66,47,01,EB,FC
0C3F,BRK,66,47,01,EB,F9
C5F4,RTI,66,47,01,EB,FC
0C40,BRK,66,47,01,EB,F9
C5F4,RTI,66,47,01,EB,FC
0C41,BRK,66,47,01,EB,F9
C5F4,RTI,66,47,01,EB,FC
0C42,BRK,66,47,01,EB,F9
C5F4,RTI,66,47,01,EB,FC
0C43,BRK,66,47,01,EB,F9
C5F4,RTI,66,47,01,EB,FC
0C44,BRK,66,47,01,EB,F9
C5F4,RTI,66,47,01,EB,FC
0C45,BRK,66,47,01,EB,F9
C5F4,RTI,66,47,01,EB,FC
0C46,BRK,66,47,01,EB,F9
C5F4,RTI,66,47,01,EB,FC
0C47,BRK,66,47,01,EB,F9
C5F4,RTI,66,47,01,EB,FC
0C48,BRK,66,47,01,EB,F9
C5F4,RTI,66,47,01,EB,FC
0C49,BRK,66,47,01,EB,F9
C5F4,RTI,66,47,01,EB,FC
0C4A,BRK,66,47,01,EB,F9
C5F4,RTI,66,47,01,EB,FC
0C4B,BRK,66,47,01,EB,F9
C5F4,RTI,66,47,01,EB,FC
0C4C,BRK,66,47,01,EB,F9
C5F4,RTI,66,47,01,EB,FC
0C4D,BRK,66,47,01,EB,F9
C5F4,RTI,66,47,01,EB,FC
0C4E,BRK,66,47,01,EB,F9
C5F4,RTI,66,47,01,EB,FC
0C4F,BRK,66,47,01,EB,F9
C5F4,RTI,66,47,01,EB,FC
0C50,BRK,66,47,01,EB,F9
C5F4,RTI,66,47,01,EB,FC
0C51,BRK,66,47,01,EB,F9
C5F4,RTI,66,47,01,EB,FC
0C52,BRK,66,47,01,EB,F9
C5F4,RTI,66,47,01,EB,FC
0C53,BRK,66,47,01,EB,F9
C5F4,RTI,66,47,01,EB,FC
0C54,BRK,66,47,01,EB,F9
C5F4,RTI,66,47,01,EB,FC
0C55,BRK,66,47,01,EB,F9
C5F4,RTI,66,47,01,EB,FC
0C56,BRK,66,47,01,EB,F9
C5F4,RTI,66,47,01,EB,FC
0C57,BRK,66,47,01,EB,F9
C5F4,RTI,66,47,01,EB,FC
0C58,BRK,66,47,01,EB,F9
C5F4,RTI,66,47,01,EB,FC
0C59,BRK,66,47,01,EB,F9
C5F4,RTI,66,47,01,EB,FC
0C5A,BRK,66,47,01,EB,F9
C5F4,RTI,66,47,01,EB,FC
0C5B,BRK,66,47,01,EB,F9
C5F4,RTI,66,47,01,EB,FC
0C5C,BRK,66,47,01,EB,F9
C5F4,RTI,66,47,01,EB,FC
0C5D,BRK,66,47,01,EB,F9
C5F4,RTI,66,47,01,EB,FC
0C5E,BRK,66,47,01,EB,F9
C5F4,RTI,66,47,01,EB,FC
0C5F,BRK,66,47,01,EB,F9
C5F4,RTI,66,47,01,EB,FC
0C60,BRK,66,47,01,EB,F9
C5F4,RTI,66,47,01,EB,FC
0C61,BRK,66,47,01,EB,F9
C5F4,RTI,66,47,01,EB,FC
0C62,BRK,66,47,01,EB,F9
C5F4,RTI,66,47,01,EB,FC
0C63,BRK,66,47,01,EB,F9
C5F4,RTI,66,47,01,EB,FC
0C64,BRK,66,47,01,EB,F9
C5F4,RTI,66,47,01,EB,FC
0C65,BRK,66,47,01,EB,F9
C5F4,RTI,66,47,01,EB,FC
0C66,BRK,66,47,01,EB,F9
C5F4,RTI,66,47,01,EB,FC
0C67,BRK,66,47,01,EB,F9
C5F4,RTI,66,47,01,EB,FC
0C68,BRK,66,47,01,EB,F9
C5F4,RTI,66,47,01,EB,FC
0C69,BRK,66,47,01,EB,F9
C5F4,RTI,66,47,01,EB,FC
0C6A,BRK,66,47,01,EB,F9
C5F4,RTI,66,47,01,EB,FC
0C6B,BRK,66,47,01,EB,F9
C5F4,RTI,66,47,01,EB,FC
0C6C,BRK,66,47,01,EB,F9
C5F4,RTI,66,47,01,EB,FC
0C6D,BRK,66,47,01,EB,F9
C5F4,RTI,66,47,01,EB,FC
0C6E,BRK,66,47,01,EB,F9
C5F4,RTI,66,47,01,EB,FC
0C6F,BRK,66,47,01,EB,F9
C5F4,RTI,66,47,01,EB,FC
0C70,BRK,66,47,01,EB,F9
C5F4,RTI,66,47,01,EB,FC
0C71,BRK,66,47,01,EB,F9
C5F4,RTI,66,47,01,EB,FC
0C72,BRK,66,47,01,EB,F9
C5F4,RTI,66,47,01,EB,FC
0C73,BRK,66,47,01,EB,F9
C5F4,RTI,66,47,01,EB,FC
0C74,BRK,66,47,01,EB,F9
C5F4,RTI,66,47,01,EB,FC
0C75,BRK,66,47,01,EB,F9
C5F4,RTI,66,47,01,EB,FC
0C76,BRK,66,47,01,EB,F9
C5F4,RTI,66,47,01,EB,FC
0C77,BRK,66,47,01,EB,F9
C5F4,RTI,66,47,01,EB,FC
0C78,BRK,66,47,01,EB,F9
C5F4,RTI,66,47,01,EB,FC
0C79,BRK,66,47,01,EB,F9
C5F4,RTI,66,47,01,EB,FC
0C7A,BRK,66,47,01,EB,F9
C5F4,RTI,66,47,01,EB,FC
0C7B,BRK,66,47,01,EB,F9
C5F4,RTI,66,47,01,EB,FC
0C7C,BRK,66,47,01,EB,F9
C5F4,RTI,66,47,01,EB,FC
0C7D,BRK,66,47,01,EB,F9
C5F4,RTI,66,47,01,EB,FC
0C7E,BRK,66,47,01,EB,F9
C5F4,RTI,66,47,01,EB,FC
0C7F,BRK,66,47,01,EB,F9
C5F4,RTI,66,47,01,EB,FC
0C80,BRK,66,47,01,EB,F9
C5F4,RTI,66,47,01,EB,FC
0C81,BRK,66,47,01,EB,F9
C5F4,RTI,66,47,01,EB,FC
0C82,BRK,66,47,01,EB,F9
C5F4,RTI,66,47,01,EB,FC
0C83,BRK,66,47,01,EB,F9
C5F4,RTI,66,47,01,EB,FC
0C84,BRK,66,47,01,EB,F9
C5F4,RTI,66,47,01,EB,FC
0C85,BRK,66,47,01,EB,F9
C5F4,RTI,66,47,01,EB,FC
0C86,BRK,66,47,01,EB,F9
C5F4,RTI,66,47,01,EB,FC
0C87,BRK,66,47,01,EB,F9
C5F4,RTI,66,47,01,EB,FC
0C88,BRK,66,47,01,EB,F9
C5F4,RTI,66,47,01,EB,FC
0C89,BRK,66,47,01,EB,F9
C5F4,RTI,66,47,01,EB,FC
0C8A,BRK,66,47,01,EB,F9
C5F4,RTI,66,47,01,EB,FC
0C8B,BRK,66,47,01,EB,F9
C5F4,RTI,66,47,01,EB,FC
0C8C,BRK,66,47,01,EB,F9
C5F4,RTI,66,47,01,EB,FC
0C8D,BRK,66,47,01,EB,F9
C5F4,RTI,66,47,01,EB,FC
0C8E,BRK,66,47,01,EB,F9
C5F4,RTI,66,47,01,EB,FC
0C8F,BRK,66,47,01,EB,F9
C5F4,RTI,66,47,01,EB,FC
0C90,BRK,66,47,01,EB,F9
C5F4,RTI,66,47,01,EB,FC
0C91,BRK,66,47,01,EB,F9
C5F4,RTI,66,47,01,EB,FC
0C92,BRK,66,47,01,EB,F9
C5F4,RTI,66,47,01,EB,FC
0C93,BRK,66,47,01,EB,F9
C5F4,RTI,66,47,01,EB,FC
0C94,BRK,66,47,01,EB,F9
C5F4,RTI,66,47,01,EB,FC
0C95,BRK,66,47,01,EB,F9
C5F4,RTI,66,47,01,EB,FC
0C96,BRK,66,47,01,EB,F9
C5F4,RTI,66,47,01,EB,FC
0C97,BRK,66,47,01,EB,F9
C5F4,RTI,66,47,01,EB,FC
0C98,BRK,66,47,01,EB,F9
C5F4,RTI,66,47,01,EB,FC
0C99,BRK,66,47,01,EB,F9
C5F4,RTI,66,47,01,EB,FC
0C9A,BRK,66,47,01,EB,F9
C5F4,RTI,66,47,01,EB,FC
0C9B,BRK,66,47,01,EB,F9
C5F4,RTI,66,47,01,EB,FC
0C9C,BRK,66,47,01,EB,F9
C5F4,RTI,66,47,01,EB,FC
0C9D,BRK,66,47,01,EB,F9
C5F4,RTI,66,47,01,EB,FC
0C9E,BRK,66,47,01,EB,F9
C5F4,RTI,66,47,01,EB,FC
0C9F,BRK,66,47,01,EB,F9
C5F4,RTI,66,47,01,EB,FC
0CA0,BRK,66,47,01,EB,F9
C5F4,RTI,66,47,01,EB,FC
0CA1,BRK,66,47,01,EB,F9
C5F4,RTI,66,47,01,EB,FC
0CA2,BRK,66,47,01,EB,F9
C5F4,RTI,66,47,01,EB,FC
0CA3,BRK,66,47,01,EB,F9
C5F4,RTI,66,47,01,EB,FC
0CA4,BRK,66,47,01,EB,F9
C5F4,RTI,66,47,01,EB,FC
0CA5,BRK,66,47,01,EB,F9
C5F4,RTI,66,47,01,EB,FC
0CA6,BRK,66,47,01,EB,F9
C5F4,RTI,66,47,01,EB,FC
0CA7,BRK,66,47,01,EB,F9
C5F4,RTI,66,47,01,EB,FC
0CA8,BRK,66,47,01,EB,F9
C5F4,RTI,66,47,01,EB,FC
0CA9,BRK,66,47,01,EB,F9
C5F4,RTI,66,47,01,EB,FC
0CAA,BRK,66,47,01,EB,F9
C5F4,RTI,66,47,01,EB,FC
0CAB,BRK,66,47,01,EB,F9
C5F4,RTI,66,47,01,EB,FC
0CAC,BRK,66,47,01,EB,F9
C5F4,RTI,66,47,01,EB,FC
0CAD,BRK,66,47,01,EB,F9
C5F4,RTI,66,47,01,EB,FC
0CAE,BRK,66,47,01,EB,F9
C5F4,RTI,66,47,01,EB,FC
0CAF,BRK,66,47,01,EB,F9
C5F4,RTI,66,47,01,EB,FC
0CB0,BRK,66,47,01,EB,F9
C5F4,RTI,66,47,01,EB,FC
0CB1,BRK,66,47,01,EB,F9
C5F4,RTI,66,47,01,EB,FC
0CB2,BRK,66,47,01,EB,F9
C5F4,RTI,66,47,01,EB,FC
0CB3,BRK,66,47,01,EB,F9
C5F4,RTI,66,47,01,EB,FC
0CB4,BRK,66,47,01,EB,F9
C5F4,RTI,66,47,01,EB,FC
0CB5,BRK,66,47,01,EB,F9
C5F4,RTI,66,47,01,EB,FC
0CB6,BRK,66,47,01,EB,F9
C5F4,RTI,66,47,01,EB,FC
0CB7,BRK,66,47,01,EB,F9
C5F4,RTI,66,47,01,EB,FC
0CB8,BRK,66,47,01,EB,F9
C5F4,RTI,66,47,01,EB,FC
0CB9,BRK,66,47,01,EB,F9
C5F4,RTI,66,47,01,EB,FC
0CBA,BRK,66,47,01,EB,F9
C5F4,RTI,66,47,01,EB,FC
0CBB,BRK,66,47,01,EB,F9
C5F4,RTI,66,47,01,EB,FC
0CBC,BRK,66,47,01,EB,F9
C5F4,RTI,66,47,01,EB,FC
0CBD,BRK,66,47,01,EB,F9
C5F4,RTI,66,47,01,EB,FC
0CBE,BRK,66,47,01,EB,F9
C5F4,RTI,66,47,01,EB,FC
0CBF,BRK,66,47,01,EB,F9
C5F4,RTI,66,47,01,EB,FC
0CC0,BRK,66,47,01,EB,F9
C5F4,RTI,66,47,01,EB,FC
0CC1,BRK,66,47,01,EB,F9
C5F4,RTI,66,47,01,EB,FC
0CC2,BRK,66,47,01,EB,F9
C5F4,RTI,66,47,01,EB,FC
0CC3,BRK,66,47,01,EB,F9
C5F4,RTI,66,47,01,EB,FC
0CC4,BRK,66,47,01,EB,F9
C5F4,RTI,66,47,01,EB,FC
0CC5,BRK,66,47,01,EB,F9
C5F4,RTI,66,47,01,EB,FC
0CC6,BRK,66,47,01,EB,F9
C5F4,RTI,66,47,01,EB,FC
0CC7,BRK,66,47,01,EB,F9
C5F4,RTI,66,47,01,EB,FC
0CC8,BRK,66,47,01,EB,F9
C5F4,RTI,66,47,01,EB,FC
0CC9,BRK,66,47,01,EB,F9
C5F4,RTI,66,47,01,EB,FC
0CCA,BRK,66,47,01,EB,F9
C5F4,RTI,66,47,01,EB,FC
0CCB,BRK,66,47,01,EB,F9
C5F4,RTI,66,47,01,EB,FC
0CCC,BRK,66,47,01,EB,F9
C5F4,RTI,66,47,01,EB,FC
0CCD,BRK,66,47,01,EB,F9
C5F4,RTI,66,47,01,EB,FC
0CCE,BRK,66,47,01,EB,F9
C5F4,RTI,66,47,01,EB,FC
0CCF,BRK,66,47,01,EB,F9
C5F4,RTI,66,47,01,EB,FC
0CD0,BRK,66,47,01,EB,F9
C5F4,RTI,66,47,01,EB,FC
0CD1,BRK,66,47,01,EB,F9
C5F4,RTI,66,47,01,EB,FC
0CD2,BRK,66,47,01,EB,F9
C5F4,RTI,66,47,01,EB,FC
0CD3,BRK,66,47,01,EB,F9
C5F4,RTI,66,47,01,EB,FC
0CD4,BRK,66,47,01,EB,F9
C5F4,RTI,66,47,01,EB,FC
0CD5,BRK,66,47,01,EB,F9
C5F4,RTI,66,47,01,EB,FC
0CD6,BRK,66,47,01,EB,F9
C5F4,RTI,66,47,01,EB,FC
0CD7,BRK,66,47,01,EB,F9
C5F4,RTI,66,47,01,EB,FC
0CD8,BRK,66,47,01,EB,F9
C5F4,RTI,66,47,01,EB,FC
0CD9,BRK,66,47,01,EB,F9
C5F4,RTI,66,47,01,EB,FC
0CDA,BRK,66,47,01,EB,F9
C5F4,RTI,66,47,01,EB,FC
0CDB,BRK,66,47,01,EB,F9
C5F4,RTI,66,47,01,EB,FC
0CDC,BRK,66,47,01,EB,F9
C5F4,RTI,66,47,01,EB,FC
0CDD,BRK,66,47,01,EB,F9
C5F4,RTI,66,47,01,EB,FC
0CDE,BRK,66,47,01,EB,F9
C5F4,RTI,66,47,01,EB,FC
0CDF,BRK,66,47,01,EB,F9
C5F4,RTI,66,47,01,EB,FC
0CE0,BRK,66,47,01,EB,F9
C5F4,RTI,66,47,01,EB,FC
0CE1,BRK,66,47,01,EB,F9
C5F4,RTI,66,47,01,EB,FC
0CE2,BRK,66,47,01,EB,F9
C5F4,RTI,66,47,01,EB,FC
0CE3,BRK,66,47,01,EB,F9
C5F4,RTI,66,47,01,EB,FC
0CE4,BRK,66,47,01,EB,F9
C5F4,RTI,66,47,01,EB,FC
0CE5,BRK,66,47,01,EB,F9
C5F4,RTI,66,47,01,EB,FC
0CE6,BRK,66,47,01,EB,F9
C5F4,RTI,66,47,01,EB,FC
0CE7,BRK,66,47,01,EB,F9
C5F4,RTI,66,47,01,EB,FC
0CE8,BRK,66,47,01,EB,F9
C5F4,RTI,66,47,01,EB,FC
0CE9,BRK,66,47,01,EB,F9
C5F4,RTI,66,47,01,EB,FC
0CEA,BRK,66,47,01,EB,F9
C5F4,RTI,66,47,01,EB,FC
0CEB,BRK,66,47,01,EB,F9
C5F4,RTI,66,47,01,EB,FC
0CEC,BRK,66,47,01,EB,F9
C5F4,RTI,66,47,01,EB,FC
0CED,BRK,66,47,01,EB,F9
C5F4,RTI,66,47,01,EB,FC
0CEE,BRK,66,47,01,EB,F9
C5F4,RTI,66,47,01,EB,FC
0CEF,BRK,66,47,01,EB,F9
C5F4,RTI,66,47,01,EB,FC
0CF0,BRK,66,47,01,EB,F9
C5F4,RTI,66,47,01,EB,FC
0CF1,BRK,66,47,01,EB,F9
C5F4,RTI,66,47,01,EB,FC
0CF2,BRK,66,47,01,EB,F9
C5F4,RTI,66,47,01,EB,FC
0CF3,BRK,66,47,01,EB,F9
C5F4,RTI,66,47,01,EB,FC
0CF4,BRK,66,47,01,EB,F9
C5F4,RTI,66,47,01,EB,FC
0CF5,BRK,66,47,01,EB,F9
C5F4,RTI,66,47,01,EB,FC
0CF6,BRK,66,47,01,EB,F9
C5F4,RTI,66,47,01,EB,FC
0CF7,BRK,66,47,01,EB,F9
C5F4,RTI,66,47,01,EB,FC
0CF8,BRK,66,47,01,EB,F9
C5F4,RTI,66,47,01,EB,FC
0CF9,BRK,66,47,01,EB,F9
C5F4,RTI,66,47,01,EB,FC
0CFA,BRK,66,47,01,EB,F9
C5F4,RTI,66,47,01,EB,FC
0CFB,BRK,66,47,01,EB,F9
C5F4,RTI,66,47,01,EB,FC
0CFC,BRK,66,47,01,EB,F9
C5F4,RTI,66,47,01,EB,FC
0CFD,BRK,66,47,01,EB,F9
C5F4,RTI,66,47,01,EB,FC
0CFE,BRK,66,47,01,EB,F9
C5F4,RTI,66,47,01,EB,FC
0CFF,BRK,66,47,01,EB,F9
C5F4,RTI,66,47,01,EB,FC
0D00,BRK,66,47,01,EB,F9
C5F4,RTI,66,47,01,EB,FC
0D01,BRK,66,47,01,EB,F9
C5F4,RTI,66,47,01,EB,FC
0D02,BRK,66,47,01,EB,F9
C5F4,RTI,66,47,01,EB,FC
0D03,BRK,66,47,01,EB,F9
C5F4,RTI,66,47,01,EB,FC
0D04,BRK,66,47,01,EB,F9
C5F4,RTI,66,47,01,EB,FC
0D05,BRK,66,47,01,EB,F9
C5F4,RTI,66,47,01,EB,FC
0D06,BRK,66,47,01,EB,F9
C5F4,RTI,66,47,01,EB,FC
0D07,BRK,66,47,01,EB,F9
C5F4,RTI,66,47,01,EB,FC
0D08,BRK,66,47,01,EB,F9
C5F4,RTI,66,47,01,EB,FC
0D09,BRK,66,47,01,EB,F9
C5F4,RTI,66,47,01,EB,FC
0D0A,BRK,66,47,01,EB,F9
C5F4,RTI,66,47,01,EB,FC
0D0B,BRK,66,47,01,EB,F9
C5F4,RTI,66,47,01,EB,FC
0D0C,BRK,66,47,01,EB,F9
C5F4,RTI,66,47,01,EB,FC
0D0D,BRK,66,47,01,EB,F9
C5F4,RTI,66,47,01,EB,FC
0D0E,BRK,66,47,01,EB,F9
C5F4,RTI,66,47,01,EB,FC
0D0F,BRK,66,47,01,EB,F9
C5F4,RTI,66,47,01,EB,FC
0D10,BRK,66,47,01,EB,F9
C5F4,RTI,66,47,01,EB,FC
0D11,BRK,66,47,01,EB,F9
C5F4,RTI,66,47,01,EB,FC
0D12,BRK,66,47,01,EB,F9
C5F4,RTI,66,47,01,EB,FC
0D13,BRK,66,47,01,EB,F9
C5F4,RTI,66,47,01,EB,FC
0D14,BRK,66,47,01,EB,F9
C5F4,RTI,66,47,01,EB,FC
0D15,BRK,66,47,01,EB,F9
C5F4,RTI,66,47,01,EB,FC
0D16,BRK,66,47,01,EB,F9
C5F4,RTI,66,47,01,EB,FC
0D17,BRK,66,47,01,EB,F9
C5F4,RTI,66,47,01,EB,FC
0D18,BRK,66,47,01,EB,F9
C5F4,RTI,66,47,01,EB,FC
0D19,BRK,66,47,01,EB,F9
C5F4,RTI,66,47,01,EB,FC
0D1A,BRK,66,47,01,EB,F9
C5F4,RTI,66,47,01,EB,FC
0D1B,BRK,66,47,01,EB,F9
C5F4,RTI,66,47,01,EB,FC
0D1C,BRK,66,47,01,EB,F9
C5F4,RTI,66,47,01,EB,FC
0D1D,BRK,66,47,01,EB,F9
C5F4,RTI,66,47,01,EB,FC
0D1E,BRK,66,47,01,EB,F9
C5F4,RTI,66,47,01,EB,FC
0D1F,BRK,66,47,01,EB,F9
C5F4,RTI,66,47,01,EB,FC
0D20,BRK,66,47,01,EB,F9
C5F4,RTI,66,47,01,EB,FC
0D21,BRK,66,47,01,EB,F9
C5F4,RTI,66,47,01,EB,FC
0D22,BRK,66,47,01,EB,F9
C5F4,RTI,66,47,01,EB,FC
0D23,BRK,66,47,01,EB,F9
C5F4,RTI,66,47,01,EB,FC
0D24,BRK,66,47,01,EB,F9
C5F4,RTI,66,47,01,EB,FC
0D25,BRK,66,47,01,EB,F9
C5F4,RTI,66,47,01,EB,FC
0D26,BRK,66,47,01,EB,F9
C5F4,RTI,66,47,01,EB,FC
0D27,BRK,66,47,01,EB,F9
C5F4,RTI,66,47,01,EB,FC
0D28,BRK,66,47,01,EB,F9
C5F4,RTI,66,47,01,EB,FC
0D29,BRK,66,47,01,EB,F9
C5F4,RTI,66,47,01,EB,FC
0D2A,BRK,66,47,01,EB,F9
C5F4,RTI,66,47,01,EB,FC
0D2B,BRK,66,47,01,EB,F9
C5F4,RTI,66,47,01,EB,FC
0D2C,BRK,66,47,01,EB,F9
C5F4,RTI,66,47,01,EB,FC
0D2D,BRK,66,47,01,EB,F9
C5F4,RTI,66,47,01,EB,FC
0D2E,BRK,66,47,01,EB,F9
C5F4,RTI,66,47,01,EB,FC
0D2F,BRK,66,47,01,EB,F9
C5F4,RTI,66,47,01,EB,FC
0D30,BRK,66,47,01,EB,F9
C5F4,RTI,66,47,01,EB,FC
0D31,BRK,66,47,01,EB,F9
C5F4,RTI,66,47,01,EB,FC
0D32,BRK,66,47,01,EB,F9
C5F4,RTI,66,47,01,EB,FC
0D33,BRK,66,47,01,EB,F9
C5F4,RTI,66,47,01,EB,FC
0D34,BRK,66,47,01,EB,F9
C5F4,RTI,66,47,01,EB,FC
0D35,BRK,66,47,01,EB,F9
C5F4,RTI,66,47,01,EB,FC
0D36,BRK,66,47,01,EB,F9
C5F4,RTI,66,47,01,EB,FC
0D37,BRK,66,47,01,EB,F9
C5F4,RTI,66,47,01,EB,FC
0D38,BRK,66,47,01,EB,F9
C5F4,RTI,66,47,01,EB,FC
0D39,BRK,66,47,01,EB,F9
C5F4,RTI,66,47,01,EB,FC
0D3A,BRK,66,47,01,EB,F9
C5F4,RTI,66,47,01,EB,FC
0D3B,BRK,66,47,01,EB,F9
C5F4,RTI,66,47,01,EB,FC
0D3C,BRK,66,47,01,EB,F9
C5F4,RTI,66,47,01,EB,FC
0D3D,BRK,66,47,01,EB,F9
C5F4,RTI,66,47,01,EB,FC
0D3E,BRK,66,47,01,EB,F9
C5F4,RTI,66,47,01,EB,FC
0D3F,BRK,66,47,01,EB,F9
C5F4,RTI,66,47,01,EB,FC
0D40,BRK,66,47,01,EB,F9
C5F4,RTI,66,47,01,EB,FC
0D41,BRK,66,47,01,EB,F9
C5F4,RTI,66,47,01,EB,FC
0D42,BRK,66,47,01,EB,F9
C5F4,RTI,66,47,01,EB,FC
0D43,BRK,66,47,01,EB,F9
C5F4,RTI,66,47,01,EB,FC
0D44,BRK,66,47,01,EB,F9
C5F4,RTI,66,47,01,EB,FC
0D45,BRK,66,47,01,EB,F9
C5F4,RTI,66,47,01,EB,FC
0D46,BRK,66,47,01,EB,F9
C5F4,RTI,66,47,01,EB,FC
0D47,BRK,66,47,01,EB,F9
C5F4,RTI,66,47,01,EB,FC
0D48,BRK,66,47,01,EB,F9
C5F4,RTI,66,47,01,EB,FC
0D49,BRK,66,47,01,EB,F9
C5F4,RTI,66,47,01,EB,FC
0D4A,BRK,66,47,01,EB,F9
C5F4,RTI,66,47,01,EB,FC
0D4B,BRK,66,47,01,EB,F9
C5F4,RTI,66,47,01,EB,FC
0D4C,BRK,66,47,01,EB,F9
C5F4,RTI,66,47,01,EB,FC
0D4D,BRK,66,47,01,EB,F9
C5F4,RTI,66,47,01,EB,FC
0D4E,BRK,66,47,01,EB,F9
C5F4,RTI,66,47,01,EB,FC
0D4F,BRK,66,47,01,EB,F9
C5F4,RTI,66,47,01,EB,FC
0D50,BRK,66,47,01,EB,F9
C5F4,RTI,66,47,01,EB,FC
0D51,BRK,66,47,01,EB,F9
C5F4,RTI,66,47,01,EB,FC
0D52,BRK,66,47,01,EB,F9
C5F4,RTI,66,47,01,EB,FC
0D53,BRK,66,47,01,EB,F9
C5F4,RTI,66,47,01,EB,FC
0D54,BRK,66,47,01,EB,F9
C5F4,RTI,66,47,01,EB,FC
0D55,BRK,66,47,01,EB,F9
C5F4,RTI,66,47,01,EB,FC
0D56,BRK,66,47,01,EB,F9
C5F4,RTI,66,47,01,EB,FC
0D57,BRK,66,47,01,EB,F9
C5F4,RTI,66,47,01,EB,FC
0D58,BRK,66,47,01,EB,F9
C5F4,RTI,66,47,01,EB,FC
0D59,BRK,66,47,01,EB,F9
C5F4,RTI,66,47,01,EB,FC
0D5A,BRK,66,47,01,EB,F9
C5F4,RTI,66,47,01,EB,FC
0D5B,BRK,66,47,01,EB,F9
C5F4,RTI,66,47,01,EB,FC
0D5C,BRK,66,47,01,EB,F9
C5F4,RTI,66,47,01,EB,FC
0D5D,BRK,66,47,01,EB,F9
C5F4,RTI,66,47,01,EB,FC
0D5E,BRK,66,47,01,EB,F9
C5F4,RTI,66,47,01,EB,FC
0D5F,BRK,66,47,01,EB,F9
C5F4,RTI,66,47,01,EB,FC
0D60,BRK,66,47,01,EB,F9
C5F4,RTI,66,47,01,EB,FC
0D61,BRK,66,47,01,EB,F9
C5F4,RTI,66,47,01,EB,FC
0D62,BRK,66,47,01,EB,F9
C5F4,RTI,66,47,01,EB,FC
0D63,BRK,66,47,01,EB,F9
C5F4,RTI,66,47,01,EB,FC
0D64,BRK,66,47,01,EB,F9
C5F4,RTI,66,47,01,EB,FC
0D65,BRK,66,47,01,EB,F9
C5F4,RTI,66,47,01,EB,FC
0D66,BRK,66,47,01,EB,F9
C5F4,RTI,66,47,01,EB,FC
0D67,BRK,66,47,01,EB,F9
C5F4,RTI,66,47,01,EB,FC
0D68,BRK,66,47,01,EB,F9
C5F4,RTI,66,47,01,EB,FC
0D69,BRK,66,47,01,EB,F9
C5F4,RTI,66,47,01,EB,FC
0D6A,BRK,66,47,01,EB,F9
C5F4,RTI,66,47,01,EB,FC
0D6B,BRK,66,47,01,EB,F9
C5F4,RTI,66,47,01,EB,FC
0D6C,BRK,66,47,01,EB,F9
C5F4,RTI,66,47,01,EB,FC
0D6D,BRK,66,47,01,EB,F9
C5F4,RTI,66,47,01,EB,FC
0D6E,BRK,66,47,01,EB,F9
C5F4,RTI,66,47,01,EB,FC
0D6F,BRK,66,47,01,EB,F9
C5F4,RTI,66,47,01,EB,FC
0D70,BRK,66,47,01,EB,F9
C5F4,RTI,66,47,01,EB,FC
0D71,BRK,66,47,01,EB,F9
C5F4,RTI,66,47,01,EB,FC
0D72,BRK,66,47,01,EB,F9
C5F4,RTI,66,47,01,EB,FC
0D73,BRK,66,47,01,EB,F9
C5F4,RTI,66,47,01,EB,FC
0D74,BRK,66,47,01,EB,F9
C5F4,RTI,66,47,01,EB,FC
0D75,BRK,66,47,01,EB,F9
C5F4,RTI,66,47,01,EB,FC
0D76,BRK,66,47,01,EB,F9
C5F4,RTI,66,47,01,EB,FC
0D77,BRK,66,47,01,EB,F9
C5F4,RTI,66,47,01,EB,FC
0D78,BRK,66,47,01,EB,F9
C5F4,RTI,66,47,01,EB,FC
0D79,BRK,66,47,01,EB,F9
C5F4,RTI,66,47,01,EB,FC
0D7A,BRK,66,47,01,EB,F9
C5F4,RTI,66,47,01,EB,FC
0D7B,BRK,66,47,01,EB,F9
C5F4,RTI,66,47,01,EB,FC
0D7C,BRK,66,47,01,EB,F9
C5F4,RTI,66,47,01,EB,FC
0D7D,BRK,66,47,01,EB,F9
C5F4,RTI,66,47,01,EB,FC
0D7E,BRK,66,47,01,EB,F9
C5F4,RTI,66,47,01,EB,FC
0D7F,BRK,66,47,01,EB,F9
C5F4,RTI,66,47,01,EB,FC
0D80,BRK,66,47,01,EB,F9
C5F4,RTI,66,47,01,EB,FC
0D81,BRK,66,47,01,EB,F9
C5F4,RTI,66,47,01,EB,FC
0D82,BRK,66,47,01,EB,F9
C5F4,RTI,66,47,01,EB,FC
0D83,BRK,66,47,01,EB,F9
C5F4,RTI,66,47,01,EB,FC
0D84,BRK,66,47,01,EB,F9
C5F4,RTI,66,47,01,EB,FC
0D85,BRK,66,47,01,EB,F9
C5F4,RTI,66,47,01,EB,FC
0D86,BRK,66,47,01,EB,F9
C5F4,RTI,66,47,01,EB,FC
0D87,BRK,66,47,01,EB,F9
C5F4,RTI,66,47,01,EB,FC
0D88,BRK,66,47,01,EB,F9
C5F4,RTI,66,47,01,EB,FC
0D89,BRK,66,47,01,EB,F9
C5F4,RTI,66,47,01,EB,FC
0D8A,BRK,66,47,01,EB,F9
C5F4,RTI,66,47,01,EB,FC
0D8B,BRK,66,47,01,EB,F9
C5F4,RTI,66,47,01,EB,FC
0D8C,BRK,66,47,01,EB,F9
C5F4,RTI,66,47,01,EB,FC
0D8D,BRK,66,47,01,EB,F9
C5F4,RTI,66,47,01,EB,FC
0D8E,BRK,66,47,01,EB,F9
C5F4,RTI,66,47,01,EB,FC
0D8F,BRK,66,47,01,EB,F9
C5F4,RTI,66,47,01,EB,FC
0D90,BRK,66,47,01,EB,F9
C5F4,RTI,66,47,01,EB,FC
0D91,BRK,66,47,01,EB,F9
C5F4,RTI,66,47,01,EB,FC
0D92,BRK,66,47,01,EB,F9
C5F4,RTI,66,47,01,EB,FC
0D93,BRK,66,47,01,EB,F9
C5F4,RTI,66,47,01,EB,FC
0D94,BRK,66,47,01,EB,F9
C5F4,RTI,66,47,01,EB,FC
0D95,BRK,66,47,01,EB,F9
C5F4,RTI,66,47,01,EB,FC
0D96,BRK,66,47,01,EB,F9
C5F4,RTI,66,47,01,EB,FC
0D97,BRK,66,47,01,EB,F9
C5F4,RTI,66,47,01,EB,FC
0D98,BRK,66,47,01,EB,F9
C5F4,RTI,66,47,01,EB,FC
0D99,BRK,66,47,01,EB,F9
C5F4,RTI,66,47,01,EB,FC
0D9A,BRK,66,47,01,EB,F9
C5F4,RTI,66,47,01,EB,FC
0D9B,BRK,66,47,01,EB,F9
C5F4,RTI,66,47,01,EB,FC
0D9C,BRK,66,47,01,EB,F9
C5F4,RTI,66,47,01,EB,FC
0D9D,BRK,66,47,01,EB,F9
C5F4,RTI,66,47,01,EB,FC
0D9E,BRK,66,47,01,EB,F9
C5F4,RTI,66,47,01,EB,FC
0D9F,BRK,66,47,01,EB,F9
C5F4,RTI,66,47,01,EB,FC
0DA0,BRK,66,47,01,EB,F9
C5F4,RTI,66,47,01,EB,FC
0DA1,BRK,66,47,01,EB,F9
C5F4,RTI,66,47,01,EB,FC
0DA2,BRK,66,47,01,EB,F9
C5F4,RTI,66,47,01,EB,FC
0DA3,BRK,66,47,01,EB,F9
C5F4,RTI,66,47,01,EB,FC
0DA4,BRK,66,47,01,EB,F9
C5F4,RTI,66,47,01,EB,FC
0DA5,BRK,66,47,01,EB,F9
C5F4,RTI,66,47,01,EB,FC
0DA6,BRK,66,47,01,EB,F9
C5F4,RTI,66,47,01,EB,FC
0DA7,BRK,66,47,01,EB,F9
C5F4,RTI,66,47,01,EB,FC
0DA8,BRK,66,47,01,EB,F9
C5F4,RTI,66,47,01,EB,FC
0DA9,BRK,66,47,01,EB,F9
C5F4,RTI,66,47,01,EB,FC
0DAA,BRK,66,47,01,EB,F9
C5F4,RTI,66,47,01,EB,FC
0DAB,BRK,66,47,01,EB,F9
C5F4,RTI,66,47,01,EB,FC
0DAC,BRK,66,47,01,EB,F9
C5F4,RTI,66,47,01,EB,FC
0DAD,BRK,66,47,01,EB,F9
C5F4,RTI,66,47,01,EB,FC
0DAE,BRK,66,47,01,EB,F9
C5F4,RTI,66,47,01,EB,FC
0DAF,BRK,66,47,01,EB,F9
C5F4,RTI,66,47,01,EB,FC
0DB0,BRK,66,47,01,EB,F9
C5F4,RTI,66,47,01,EB,FC
0DB1,BRK,66,47,01,EB,F9
C5F4,RTI,66,47,01,EB,FC
0DB2,BRK,66,47,01,EB,F9
C5F4,RTI,66,47,01,EB,FC
0DB3,BRK,66,47,01,EB,F9
C5F4,RTI,66,47,01,EB,FC
0DB4,BRK,66,47,01,EB,F9
C5F4,RTI,66,47,01,EB,FC
0DB5,BRK,66,47,01,EB,F9
C5F4,RTI,66,47,01,EB,FC
0DB6,BRK,66,47,01,EB,F9
C5F4,RTI,66,47,01,EB,FC
0DB7,BRK,66,47,01,EB,F9
C5F4,RTI,66,47,01,EB,FC
0DB8,BRK,66,47,01,EB,F9
C5F4,RTI,66,47,01,EB,FC
0DB9,BRK,66,47,01,EB,F9
C5F4,RTI,66,47,01,EB,FC
0DBA,BRK,66,47,01,EB,F9
C5F4,RTI,66,47,01,EB,FC
0DBB,BRK,66,47,01,EB,F9
C5F4,RTI,66,47,01,EB,FC
0DBC,BRK,66,47,01,EB,F9
C5F4,RTI,66,47,01,EB,FC
0DBD,BRK,66,47,01,EB,F9
C5F4,RTI,66,47,01,EB,FC
0DBE,BRK,66,47,01,EB,F9
C5F4,RTI,66,47,01,EB,FC
0DBF,BRK,66,47,01,EB,F9
C5F4,RTI,66,47,01,EB,FC
0DC0,BRK,66,47,01,EB,F9
C5F4,RTI,66,47,01,EB,FC
0DC1,BRK,66,47,01,EB,F9
C5F4,RTI,66,47,01,EB,FC
0DC2,BRK,66,47,01,EB,F9
C5F4,RTI,66,47,01,EB,FC
0DC3,BRK,66,47,01,EB,F9
C5F4,RTI,66,47,01,EB,FC
0DC4,BRK,66,47,01,EB,F9
C5F4,RTI,66,47,01,EB,FC
0DC5,BRK,66,47,01,EB,F9
C5F4,RTI,66,47,01,EB,FC
0DC6,BRK,66,47,01,EB,F9
C5F4,RTI,66,47,01,EB,FC
0DC7,BRK,66,47,01,EB,F9
C5F4,RTI,66,47,01,EB,FC
0DC8,BRK,66,47,01,EB,F9
C5F4,RTI,66,47,01,EB,FC
0DC9,BRK,66,47,01,EB,F9
C5F4,RTI,66,47,01,EB,FC
0DCA,BRK,66,47,01,EB,F9
C5F4,RTI,66,47,01,EB,FC
0DCB,BRK,66,47,01,EB,F9
C5F4,RTI,66,47,01,EB,FC
0DCC,BRK,66,47,01,EB,F9
C5F4,RTI,66,47,01,EB,FC
0DCD,BRK,66,47,01,EB,F9
C5F4,RTI,66,47,01,EB,FC
0DCE,BRK,66,47,01,EB,F9
C5F4,RTI,66,47,01,EB,FC
0DCF,BRK,66,47,01,EB,F9
C5F4,RTI,66,47,01,EB,FC
0DD0,BRK,66,47,01,EB,F9
C5F4,RTI,66,47,01,EB,FC
0DD1,BRK,66,47,01,EB,F9
C5F4,RTI,66,47,01,EB,FC
0DD2,BRK,66,47,01,EB,F9
C5F4,RTI,66,47,01,EB,FC
0DD3,BRK,66,47,01,EB,F9
C5F4,RTI,66,47,01,EB,FC
0DD4,BRK,66,47,01,EB,F9
C5F4,RTI,66,47,01,EB,FC
0DD5,BRK,66,47,01,EB,F9
C5F4,RTI,66,47,01,EB,FC
0DD6,BRK,66,47,01,EB,F9
C5F4,RTI,66,47,01,EB,FC
0DD7,BRK,66,47,01,EB,F9
C5F4,RTI,66,47,01,EB,FC
0DD8,BRK,66,47,01,EB,F9
C5F4,RTI,66,47,01,EB,FC
0DD9,BRK,66,47,01,EB,F9
C5F4,RTI,66,47,01,EB,FC
0DDA,BRK,66,47,01,EB,F9
C5F4,RTI,66,47,01,EB,FC
0DDB,BRK,66,47,01,EB,F9
C5F4,RTI,66,47,01,EB,FC
0DDC,BRK,66,47,01,EB,F9
C5F4,RTI,66,47,01,EB,FC
0DDD,BRK,66,47,01,EB,F9
C5F4,RTI,66,47,01,EB,FC
0DDE,BRK,66,47,01,EB,F9
C5F4,RTI,66,47,01,EB,FC
0DDF,BRK,66,47,01,EB,F9
C5F4,RTI,66,47,01,EB,FC
0DE0,BRK,66,47,01,EB,F9
C5F4,RTI,66,47,01,EB,FC
0DE1,BRK,66,47,01,EB,F9
C5F4,RTI,66,47,01,EB,FC
0DE2,BRK,66,47,01,EB,F9
C5F4,RTI,66,47,01,EB,FC
0DE3,BRK,66,47,01,EB,F9
C5F4,RTI,66,47,01,EB,FC
0DE4,BRK,66,47,01,EB,F9
C5F4,RTI,66,47,01,EB,FC
0DE5,BRK,66,47,01,EB,F9
C5F4,RTI,66,47,01,EB,FC
0DE6,BRK,66,47,01,EB,F9
C5F4,RTI,66,47,01,EB,FC
0DE7,BRK,66,47,01,EB,F9
C5F4,RTI,66,47,01,EB,FC
0DE8,BRK,66,47,01,EB,F9
C5F4,RTI,66,47,01,EB,FC
0DE9,BRK,66,47,01,EB,F9
C5F4,RTI,66,47,01,EB,FC
0DEA,BRK,66,47,01,EB,F9
C5F4,RTI,66,47,01,EB,FC
0DEB,BRK,66,47,01,EB,F9
C5F4,RTI,66,47,01,EB,FC
0DEC,BRK,66,47,01,EB,F9
C5F4,RTI,66,47,01,EB,FC
0DED,BRK,66,47,01,EB,F9
C5F4,RTI,66,47,01,EB,FC
0DEE,BRK,66,47,01,EB,F9
C5F4,RTI,66,47,01,EB,FC
0DEF,BRK,66,47,01,EB,F9
C5F4,RTI,66,47,01,EB,FC
0DF0,BRK,66,47,01,EB,F9
C5F4,RTI,66,47,01,EB,FC
0DF1,BRK,66,47,01,EB,F9
C5F4,RTI,66,47,01,EB,FC
0DF2,BRK,66,47,01,EB,F9
C5F4,RTI,66,47,01,EB,FC
0DF3,BRK,66,47,01,EB,F9
C5F4,RTI,66,47,01,EB,FC
0DF4,BRK,66,47,01,EB,F9
C5F4,RTI,66,47,01,EB,FC
0DF5,BRK,66,47,01,EB,F9
C5F4,RTI,66,47,01,EB,FC
0DF6,BRK,66,47,01,EB,F9
C5F4,RTI,66,47,01,EB,FC
0DF7,BRK,66,47,01,EB,F9
C5F4,RTI,66,47,01,EB,FC
0DF8,BRK,66,47,01,EB,F9
C5F4,RTI,66,47,01,EB,FC
0DF9,BRK,66,47,01,EB,F9
C5F4,RTI,66,47,01,EB,FC
0DFA,BRK,66,47,01,EB,F9
C5F4,RTI,66,47,01,EB,FC
0DFB,BRK,66,47,01,EB,F9
C5F4,RTI,66,47,01,EB,FC
0DFC,BRK,66,47,01,EB,F9
C5F4,RTI,66,47,01,EB,FC
0DFD,BRK,66,47,01,EB,F9
C5F4,RTI,66,47,01,EB,FC
0DFE,BRK,66,47,01,EB,F9
C5F4,RTI,66,47,01,EB,FC
0DFF,BRK,66,47,01,EB,F9
C5F4,RTI,66,47,01,EB,FC
0E00,BRK,66,47,01,EB,F9
C5F4,RTI,66,47,01,EB,FC
0E01,BRK,66,47,01,EB,F9
C5F4,RTI,66,47,01,EB,FC
0E02,BRK,66,47,01,EB,F9
C5F4,RTI,66,47,01,EB,FC
0E03,BRK,66,47,01,EB,F9
C5F4,RTI,66,47,01,EB,FC
0E04,BRK,66,47,01,EB,F9
C5F4,RTI,66,47,01,EB,FC
0E05,BRK,66,47,01,EB,F9
C5F4,RTI,66,47,01,EB,FC
0E06,BRK,66,47,01,EB,F9
C5F4,RTI,66,47,01,EB,FC
0E07,BRK,66,47,01,EB,F9
C5F4,RTI,66,47,01,EB,FC
0E08,BRK,66,47,01,EB,F9
C5F4,RTI,66,47,01,EB,FC
0E09,BRK,66,47,01,EB,F9
C5F4,RTI,66,47,01,EB,FC
0E0A,BRK,66,47,01,EB,F9
C5F4,RTI,66,47,01,EB,FC
0E0B,BRK,66,47,01,EB,F9
C5F4,RTI,66,47,01,EB,FC
0E0C,BRK,66,47,01,EB,F9
C5F4,RTI,66,47,01,EB,FC
0E0D,BRK,66,47,01,EB,F9
C5F4,RTI,66,47,01,EB,FC
0E0E,BRK,66,47,01,EB,F9
C5F4,RTI,66,47,01,EB,FC
0E0F,BRK,66,47,01,EB,F9
C5F4,RTI,66,47,01,EB,FC
0E10,BRK,66,47,01,EB,F9
C5F4,RTI,66,47,01,EB,FC
0E11,BRK,66,47,01,EB,F9
C5F4,RTI,66,47,01,EB,FC
0E12,BRK,66,47,01,EB,F9
C5F4,RTI,66,47,01,EB,FC
0E13,BRK,66,47,01,EB,F9
C5F4,RTI,66,47,01,EB,FC
0E14,BRK,66,47,01,EB,F9
C5F4,RTI,66,47,01,EB,FC
0E15,BRK,66,47,01,EB,F9
C5F4,RTI,66,47,01,EB,FC
0E16,BRK,66,47,01,EB,F9
C5F4,RTI,66,47,01,EB,FC
0E17,BRK,66,47,01,EB,F9
C5F4,RTI,66,47,01,EB,FC
0E18,BRK,66,47,01,EB,F9
C5F4,RTI,66,47,01,EB,FC
0E19,BRK,66,47,01,EB,F9
C5F4,RTI,66,47,01,EB,FC
0E1A,BRK,66,47,01,EB,F9
C5F4,RTI,66,47,01,EB,FC
0E1B,BRK,66,47,01,EB,F9
C5F4,RTI,66,47,01,EB,FC
0E1C,BRK,66,47,01,EB,F9
C5F4,RTI,66,47,01,EB,FC
0E1D,BRK,66,47,01,EB,F9
C5F4,RTI,66,47,01,EB,FC
0E1E,BRK,66,47,01,EB,F9
C5F4,RTI,66,47,01,EB,FC
0E1F,BRK,66,47,01,EB,F9
C5F4,RTI,66,47,01,EB,FC
0E20,BRK,66,47,01,EB,F9
C5F4,RTI,66,47,01,EB,FC
0E21,BRK,66,47,01,EB,F9
C5F4,RTI,66,47,01,EB,FC
0E22,BRK,66,47,01,EB,F9
C5F4,RTI,66,47,01,EB,FC
0E23,BRK,66,47,01,EB,F9
C5F4,RTI,66,47,01,EB,FC
0E24,BRK,66,47,01,EB,F9
C5F4,RTI,66,47,01,EB,FC
0E25,BRK,66,47,01,EB,F9
C5F4,RTI,66,47,01,EB,FC
0E26,BRK,66,47,01,EB,F9
C5F4,RTI,66,47,01,EB,FC
0E27,BRK,66,47,01,EB,F9
C5F4,RTI,66,47,01,EB,FC
0E28,BRK,66,47,01,EB,F9
C5F4,RTI,66,47,01,EB,FC
0E29,BRK,66,47,01,EB,F9
C5F4,RTI,66,47,01,EB,FC
0E2A,BRK,66,47,01,EB,F9
C5F4,RTI,66,47,01,EB,FC
0E2B,BRK,66,47,01,EB,F9
C5F4,RTI,66,47,01,EB,FC
0E2C,BRK,66,47,01,EB,F9
C5F4,RTI,66,47,01,EB,FC
0E2D,BRK,66,47,01,EB,F9
C5F4,RTI,66,47,01,EB,FC
0E2E,BRK,66,47,01,EB,F9
C5F4,RTI,66,47,01,EB,FC
0E2F,BRK,66,47,01,EB,F9
C5F4,RTI,66,47,01,EB,FC
0E30,BRK,66,47,01,EB,F9
C5F4,RTI,66,47,01,EB,FC
0E31,BRK,66,47,01,EB,F9
C5F4,RTI,66,47,01,EB,FC
0E32,BRK,66,47,01,EB,F9
C5F4,RTI,66,47,01,EB,FC
0E33,BRK,66,47,01,EB,F9
C5F4,RTI,66,47,01,EB,FC
0E34,BRK,66,47,01,EB,F9
C5F4,RTI,66,47,01,EB,FC
0E35,BRK,66,47,01,EB,F9
C5F4,RTI,66,47,01,EB,FC
0E36,BRK,66,47,01,EB,F9
C5F4,RTI,66,47,01,EB,FC
0E37,BRK,66,47,01,EB,F9
C5F4,RTI,66,47,01,EB,FC
0E38,BRK,66,47,01,EB,F9
C5F4,RTI,66,47,01,EB,FC
0E39,BRK,66,47,01,EB,F9
C5F4,RTI,66,47,01,EB,FC
0E3A,BRK,66,47,01,EB,F9
C5F4,RTI,66,47,01,EB,FC
0E3B,BRK,66,47,01,EB,F9
C5F4,RTI,66,47,01,EB,FC
0E3C,BRK,66,47,01,EB,F9
C5F4,RTI,66,47,01,EB,FC
0E3D,BRK,66,47,01,EB,F9
C5F4,RTI,66,47,01,EB,FC
0E3E,BRK,66,47,01,EB,F9
C5F4,RTI,66,47,01,EB,FC
0E3F,BRK,66,47,01,EB,F9
C5F4,RTI,66,47,01,EB,FC
0E40,BRK,66,47,01,EB,F9
C5F4,RTI,66,47,01,EB,FC
0E41,BRK,66,47,01,EB,F9
C5F4,RTI,66,47,01,EB,FC
0E42,BRK,66,47,01,EB,F9
C5F4,RTI,66,47,01,EB,FC
0E43,BRK,66,47,01,EB,F9
C5F4,RTI,66,47,01,EB,FC
0E44,BRK,66,47,01,EB,F9
C5F4,RTI,66,47,01,EB,FC
0E45,BRK,66,47,01,EB,F9
C5F4,RTI,66,47,01,EB,FC
0E46,BRK,66,47,01,EB,F9
C5F4,RTI,66,47,01,EB,FC
0E47,BRK,66,47,01,EB,F9
C5F4,RTI,66,47,01,EB,FC
0E48,BRK,66,47,01,EB,F9
C5F4,RTI,66,47,01,EB,FC
0E49,BRK,66,47,01,EB,F9
C5F4,RTI,66,47,01,EB,FC
0E4A,BRK,66,47,01,EB,F9
C5F4,RTI,66,47,01,EB,FC
0E4B,BRK,66,47,01,EB,F9
C5F4,RTI,66,47,01,EB,FC
0E4C,BRK,66,47,01,EB,F9
C5F4,RTI,66,47,01,EB,FC
0E4D,BRK,66,47,01,EB,F9
C5F4,RTI,66,47,01,EB,FC
0E4E,BRK,66,47,01,EB,F9
C5F4,RTI,66,47,01,EB,FC
0E4F,BRK,66,47,01,EB,F9
C5F4,RTI,66,47,01,EB,FC
0E50,BRK,66,47,01,EB,F9
C5F4,RTI,66,47,01,EB,FC
0E51,BRK,66,47,01,EB,F9
C5F4,RTI,66,47,01,EB,FC
0E52,BRK,66,47,01,EB,F9
C5F4,RTI,66,47,01,EB,FC
0E53,BRK,66,47,01,EB,F9
C5F4,RTI,66,47,01,EB,FC
0E54,BRK,66,47,01,EB,F9
C5F4,RTI,66,47,01,EB,FC
0E55,BRK,66,47,01,EB,F9
C5F4,RTI,66,47,01,EB,FC
0E56,BRK,66,47,01,EB,F9
C5F4,RTI,66,47,01,EB,FC
0E57,BRK,66,47,01,EB,F9
C5F4,RTI,66,47,01,EB,FC
0E58,BRK,66,47,01,EB,F9
C5F4,RTI,66,47,01,EB,FC
0E59,BRK,66,47,01,EB,F9
C5F4,RTI,66,47,01,EB,FC
0E5A,BRK,66,47,01,EB,F9
C5F4,RTI,66,47,01,EB,FC
0E5B,BRK,66,47,01,EB,F9
C5F4,RTI,66,47,01,EB,FC
0E5C,BRK,66,47,01,EB,F9
C5F4,RTI,66,47,01,EB,FC
0E5D,BRK,66,47,01,EB,F9
C5F4,RTI,66,47,01,EB,FC
0E5E,BRK,66,47,01,EB,F9
C5F4,RTI,66,47,01,EB,FC
0E5F,BRK,66,47,01,EB,F9
C5F4,RTI,66,47,01,EB,FC
0E60,BRK,66,47,01,EB,F9
C5F4,RTI,66,47,01,EB,FC
0E61,BRK,66,47,01,EB,F9
C5F4,RTI,66,47,01,EB,FC
0E62,BRK,66,47,01,EB,F9
C5F4,RTI,66,47,01,EB,FC
0E63,BRK,66,47,01,EB,F9
C5F4,RTI,66,47,01,EB,FC
0E64,BRK,66,47,01,EB,F9
C5F4,RTI,66,47,01,EB,FC
0E65,BRK,66,47,01,EB,F9
C5F4,RTI,66,47,01,EB,FC
0E66,BRK,66,47,01,EB,F9
C5F4,RTI,66,47,01,EB,FC
0E67,BRK,66,47,01,EB,F9
C5F4,RTI,66,47,01,EB,FC
0E68,BRK,66,47,01,EB,F9
C5F4,RTI,66,47,01,EB,FC
0E69,BRK,66,47,01,EB,F9
C5F4,RTI,66,47,01,EB,FC
0E6A,BRK,66,47,01,EB,F9
C5F4,RTI,66,47,01,EB,FC
0E6B,BRK,66,47,01,EB,F9
C5F4,RTI,66,47,01,EB,FC
0E6C,BRK,66,47,01,EB,F9
C5F4,RTI,66,47,01,EB,FC
0E6D,BRK,66,47,01,EB,F9
C5F4,RTI,66,47,01,EB,FC
0E6E,BRK,66,47,01,EB,F9
C5F4,RTI,66,47,01,EB,FC
0E6F,BRK,66,47,01,EB,F9
C5F4,RTI,66,47,01,EB,FC
0E70,BRK,66,47,01,EB,F9
C5F4,RTI,66,47,01,EB,FC
0E71,BRK,66,47,01,EB,F9
C5F4,RTI,66,47,01,EB,FC
0E72,BRK,66,47,01,EB,F9
C5F4,RTI,66,47,01,EB,FC
0E73,BRK,66,47,01,EB,F9
C5F4,RTI,66,47,01,EB,FC
0E74,BRK,66,47,01,EB,F9
C5F4,RTI,66,47,01,EB,FC
0E75,BRK,66,47,01,EB,F9
C5F4,RTI,66,47,01,EB,FC
0E76,BRK,66,47,01,EB,F9
C5F4,RTI,66,47,01,EB,FC
0E77,BRK,66,47,01,EB,F9
C5F4,RTI,66,47,01,EB,FC
0E78,BRK,66,47,01,EB,F9
C5F4,RTI,66,47,01,EB,FC
0E79,BRK,66,47,01,EB,F9
C5F4,RTI,66,47,01,EB,FC
0E7A,BRK,66,47,01,EB,F9
C5F4,RTI,66,47,01,EB,FC
0E7B,BRK,66,47,01,EB,F9
C5F4,RTI,66,47,01,EB,FC
0E7C,BRK,66,47,01,EB,F9
C5F4,RTI,66,47,01,EB,FC
0E7D,BRK,66,47,01,EB,F9
C5F4,RTI,66,47,01,EB,FC
0E7E,BRK,66,47,01,EB,F9
C5F4,RTI,66,47,01,EB,FC
0E7F,BRK,66,47,01,EB,F9
C5F4,RTI,66,47,01,EB,FC
0E80,BRK,66,47,01,EB,F9
C5F4,RTI,66,47,01,EB,FC
0E81,BRK,66,47,01,EB,F9
C5F4,RTI,66,47,01,EB,FC
0E82,BRK,66,47,01,EB,F9
C5F4,RTI,66,47,01,EB,FC
0E83,BRK,66,47,01,EB,F9
C5F4,RTI,66,47,01,EB,FC
0E84,BRK,66,47,01,EB,F9
C5F4,RTI,66,47,01,EB,FC
0E85,BRK,66,47,01,EB,F9
C5F4,RTI,66,47,01,EB,FC
0E86,BRK,66,47,01,EB,F9
C5F4,RTI,66,47,01,EB,FC
0E87,BRK,66,47,01,EB,F9
C5F4,RTI,66,47,01,EB,FC
0E88,BRK,66,47,01,EB,F9
C5F4,RTI,66,47,01,EB,FC
0E89,BRK,66,47,01,EB,F9
C5F4,RTI,66,47,01,EB,FC
0E8A,BRK,66,47,01,EB,F9
C5F4,RTI,66,47,01,EB,FC
0E8B,BRK,66,47,01,EB,F9
C5F4,RTI,66,47,01,EB,FC
0E8C,BRK,66,47,01,EB,F9
C5F4,RTI,66,47,01,EB,FC
0E8D,BRK,66,47,01,EB,F9
C5F4,RTI,66,47,01,EB,FC
0E8E,BRK,66,47,01,EB,F9
C5F4,RTI,66,47,01,EB,FC
0E8F,BRK,66,47,01,EB,F9
C5F4,RTI,66,47,01,EB,FC
0E90,BRK,66,47,01,EB,F9
C5F4,RTI,66,47,01,EB,FC
0E91,BRK,66,47,01,EB,F9
C5F4,RTI,66,47,01,EB,FC
0E92,BRK,66,47,01,EB,F9
C5F4,RTI,66,47,01,EB,FC
0E93,BRK,66,47,01,EB,F9
C5F4,RTI,66,47,01,EB,FC
0E94,BRK,66,47,01,EB,F9
C5F4,RTI,66,47,01,EB,FC
0E95,BRK,66,47,01,EB,F9
C5F4,RTI,66,47,01,EB,FC
0E96,BRK,66,47,01,EB,F9
C5F4,RTI,66,47,01,EB,FC
0E97,BRK,66,47,01,EB,F9
C5F4,RTI,66,47,01,EB,FC
0E98,BRK,66,47,01,EB,F9
C5F4,RTI,66,47,01,EB,FC
0E99,BRK,66,47,01,EB,F9
C5F4,RTI,66,47,01,EB,FC
0E9A,BRK,66,47,01,EB,F9
C5F4,RTI,66,47,01,EB,FC
0E9B,BRK,66,47,01,EB,F9
C5F4,RTI,66,47,01,EB,FC
0E9C,BRK,66,47,01,EB,F9
C5F4,RTI,66,47,01,EB,FC
0E9D,BRK,66,47,01,EB,F9
C5F4,RTI,66,47,01,EB,FC
0E9E,BRK,66,47,01,EB,F9
C5F4,RTI,66,47,01,EB,FC
0E9F,BRK,66,47,01,EB,F9
C5F4,RTI,66,47,01,EB,FC
0EA0,BRK,66,47,01,EB,F9
C5F4,RTI,66,47,01,EB,FC
0EA1,BRK,66,47,01,EB,F9
C5F4,RTI,66,47,01,EB,FC
0EA2,BRK,66,47,01,EB,F9
C5F4,RTI,66,47,01,EB,FC
0EA3,BRK,66,47,01,EB,F9
C5F4,RTI,66,47,01,EB,FC
0EA4,BRK,66,47,01,EB,F9
C5F4,RTI,66,47,01,EB,FC
0EA5,BRK,66,47,01,EB,F9
C5F4,RTI,66,47,01,EB,FC
0EA6,BRK,66,47,01,EB,F9
C5F4,RTI,66,47,01,EB,FC
0EA7,BRK,66,47,01,EB,F9
C5F4,RTI,66,47,01,EB,FC
0EA8,BRK,66,47,01,EB,F9
C5F4,RTI,66,47,01,EB,FC
0EA9,BRK,66,47,01,EB,F9
C5F4,RTI,66,47,01,EB,FC
0EAA,BRK,66,47,01,EB,F9
C5F4,RTI,66,47,01,EB,FC
0EAB,BRK,66,47,01,EB,F9
C5F4,RTI,66,47,01,EB,FC
0EAC,BRK,66,47,01,EB,F9
C5F4,RTI,66,47,01,EB,FC
0EAD,BRK,66,47,01,EB,F9
C5F4,RTI,66,47,01,EB,FC
0EAE,BRK,66,47,01,EB,F9
C5F4,RTI,66,47,01,EB,FC
0EAF,BRK,66,47,01,EB,F9
C5F4,RTI,66,47,01,EB,FC
0EB0,BRK,66,47,01,EB,F9
C5F4,RTI,66,47,01,EB,FC
0EB1,BRK,66,47,01,EB,F9
C5F4,RTI,66,47,01,EB,FC
0EB2,BRK,66,47,01,EB,F9
C5F4,RTI,66,47,01,EB,FC
0EB3,BRK,66,47,01,EB,F9
C5F4,RTI,66,47,01,EB,FC
0EB4,BRK,66,47,01,EB,F9
C5F4,RTI,66,47,01,EB,FC
0EB5,BRK,66,47,01,EB,F9
C5F4,RTI,66,47,01,EB,FC
0EB6,BRK,66,47,01,EB,F9
C5F4,RTI,66,47,01,EB,FC
0EB7,BRK,66,47,01,EB,F9
C5F4,RTI,66,47,01,EB,FC
0EB8,BRK,66,47,01,EB,F9
C5F4,RTI,66,47,01,EB,FC
0EB9,BRK,66,47,01,EB,F9
C5F4,RTI,66,47,01,EB,FC
0EBA,BRK,66,47,01,EB,F9
C5F4,RTI,66,47,01,EB,FC
0EBB,BRK,66,47,01,EB,F9
C5F4,RTI,66,47,01,EB,FC
0EBC,BRK,66,47,01,EB,F9
C5F4,RTI,66,47,01,EB,FC
0EBD,BRK,66,47,01,EB,F9
C5F4,RTI,66,47,01,EB,FC
0EBE,BRK,66,47,01,EB,F9
C5F4,RTI,66,47,01,EB,FC
0EBF,BRK,66,47,01,EB,F9
C5F4,RTI,66,47,01,EB,FC
0EC0,BRK,66,47,01,EB,F9
C5F4,RTI,66,47,01,EB,FC
0EC1,BRK,66,47,01,EB,F9
C5F4,RTI,66,47,01,EB,FC
0EC2,BRK,66,47,01,EB,F9
C5F4,RTI,66,47,01,EB,FC
0EC3,BRK,66,47,01,EB,F9
C5F4,RTI,66,47,01,EB,FC
0EC4,BRK,66,47,01,EB,F9
C5F4,RTI,66,47,01,EB,FC
0EC5,BRK,66,47,01,EB,F9
C5F4,RTI,66,47,01,EB,FC
0EC6,BRK,66,47,01,EB,F9
C5F4,RTI,66,47,01,EB,FC
0EC7,BRK,66,47,01,EB,F9
C5F4,RTI,66,47,01,EB,FC
0EC8,BRK,66,47,01,EB,F9
C5F4,RTI,66,47,01,EB,FC
0EC9,BRK,66,47,01,EB,F9
C5F4,RTI,66,47,01,EB,FC
0ECA,BRK,66,47,01,EB,F9
C5F4,RTI,66,47,01,EB,FC
0ECB,BRK,66,47,01,EB,F9
C5F4,RTI,66,47,01,EB,FC
0ECC,BRK,66,47,01,EB,F9
C5F4,RTI,66,47,01,EB,FC
0ECD,BRK,66,47,01,EB,F9
C5F4,RTI,66,47,01,EB,FC
0ECE,BRK,66,47,01,EB,F9
C5F4,RTI,66,47,01,EB,FC
0ECF,BRK,66,47,01,EB,F9
C5F4,RTI,66,47,01,EB,FC
0ED0,BRK,66,47,01,EB,F9
C5F4,RTI,66,47,01,EB,FC
0ED1,BRK,66,47,01,EB,F9
C5F4,RTI,66,47,01,EB,FC
0ED2,BRK,66,47,01,EB,F9
C5F4,RTI,66,47,01,EB,FC
0ED3,BRK,66,47,01,EB,F9
C5F4,RTI,66,47,01,EB,FC
0ED4,BRK,66,47,01,EB,F9
C5F4,RTI,66,47,01,EB,FC
0ED5,BRK,66,47,01,EB,F9
C5F4,RTI,66,47,01,EB,FC
0ED6,BRK,66,47,01,EB,F9
C5F4,RTI,66,47,01,EB,FC
0ED7,BRK,66,47,01,EB,F9
C5F4,RTI,66,47,01,EB,FC
0ED8,BRK,66,47,01,EB,F9
C5F4,RTI,66,47,01,EB,FC
0ED9,BRK,66,47,01,EB,F9
C5F4,RTI,66,47,01,EB,FC
0EDA,BRK,66,47,01,EB,F9
C5F4,RTI,66,47,01,EB,FC
0EDB,BRK,66,47,01,EB,F9
C5F4,RTI,66,47,01,EB,FC
0EDC,BRK,66,47,01,EB,F9
C5F4,RTI,66,47,01,EB,FC
0EDD,BRK,66,47,01,EB,F9
C5F4,RTI,66,47,01,EB,FC
0EDE,BRK,66,47,01,EB,F9
C5F4,RTI,66,47,01,EB,FC
0EDF,BRK,66,47,01,EB,F9
C5F4,RTI,66,47,01,EB,FC
0EE0,BRK,66,47,01,EB,F9
C5F4,RTI,66,47,01,EB,FC
0EE1,BRK,66,47,01,EB,F9
C5F4,RTI,66,47,01,EB,FC
0EE2,BRK,66,47,01,EB,F9
C5F4,RTI,66,47,01,EB,FC
0EE3,BRK,66,47,01,EB,F9
C5F4,RTI,66,47,01,EB,FC
0EE4,BRK,66,47,01,EB,F9
C5F4,RTI,66,47,01,EB,FC
0EE5,BRK,66,47,01,EB,F9
C5F4,RTI,66,47,01,EB,FC
0EE6,BRK,66,47,01,EB,F9
C5F4,RTI,66,47,01,EB,FC
0EE7,BRK,66,47,01,EB,F9
C5F4,RTI,66,47,01,EB,FC
0EE8,BRK,66,47,01,EB,F9
C5F4,RTI,66,47,01,EB,FC
0EE9,BRK,66,47,01,EB,F9
C5F4,RTI,66,47,01,EB,FC
0EEA,BRK,66,47,01,EB,F9
C5F4,RTI,66,47,01,EB,FC
0EEB,BRK,66,47,01,EB,F9
C5F4,RTI,66,47,01,EB,FC
0EEC,BRK,66,47,01,EB,F9
C5F4,RTI,66,47,01,EB,FC
0EED,BRK,66,47,01,EB,F9
C5F4,RTI,66,47,01,EB,FC
0EEE,BRK,66,47,01,EB,F9
C5F4,RTI,66,47,01,EB,FC
0EEF,BRK,66,47,01,EB,F9
C5F4,RTI,66,47,01,EB,FC
0EF0,BRK,66,47,01,EB,F9
C5F4,RTI,66,47,01,EB,FC
0EF1,BRK,66,47,01,EB,F9
C5F4,RTI,66,47,01,EB,FC
0EF2,BRK,66,47,01,EB,F9
C5F4,RTI,66,47,01,EB,FC
0EF3,BRK,66,47,01,EB,F9
C5F4,RTI,66,47,01,EB,FC
0EF4,BRK,66,47,01,EB,F9
C5F4,RTI,66,47,01,EB,FC
0EF5,BRK,66,47,01,EB,F9
C5F4,RTI,66,47,01,EB,FC
0EF6,BRK,66,47,01,EB,F9
C5F4,RTI,66,47,01,EB,FC
0EF7,BRK,66,47,01,EB,F9
C5F4,RTI,66,47,01,EB,FC
0EF8,BRK,66,47,01,EB,F9
C5F4,RTI,66,47,01,EB,FC
0EF9,BRK,66,47,01,EB,F9
C5F4,RTI,66,47,01,EB,FC
0EFA,BRK,66,47,01,EB,F9
C5F4,RTI,66,47,01,EB,FC
0EFB,BRK,66,47,01,EB,F9
C5F4,RTI,66,47,01,EB,FC
0EFC,BRK,66,47,01,EB,F9
C5F4,RTI,66,47,01,EB,FC
0EFD,BRK,66,47,01,EB,F9
C5F4,RTI,66,47,01,EB,FC
0EFE,BRK,66,47,01,EB,F9
C5F4,RTI,66,47,01,EB,FC
0EFF,BRK,66,47,01,EB,F9
C5F4,RTI,66,47,01,EB,FC
0F00,BRK,66,47,01,EB,F9
C5F4,RTI,66,47,01,EB,FC
0F01,BRK,66,47,01,EB,F9
C5F4,RTI,66,47,01,EB,FC
0F02,BRK,66,47,01,EB,F9
C5F4,RTI,66,47,01,EB,FC
0F03,BRK,66,47,01,EB,F9
C5F4,RTI,66,47,01,EB,FC
0F04,BRK,66,47,01,EB,F9
C5F4,RTI,66,47,01,EB,FC
0F05,BRK,66,47,01,EB,F9
C5F4,RTI,66,47,01,EB,FC
0F06,BRK,66,47,01,EB,F9
C5F4,RTI,66,47,01,EB,FC
0F07,BRK,66,47,01,EB,F9
C5F4,RTI,66,47,01,EB,FC
0F08,BRK,66,47,01,EB,F9
C5F4,RTI,66,47,01,EB,FC
0F09,BRK,66,47,01,EB,F9
C5F4,RTI,66,47,01,EB,FC
0F0A,BRK,66,47,01,EB,F9
C5F4,RTI,66,47,01,EB,FC
0F0B,BRK,66,47,01,EB,F9
C5F4,RTI,66,47,01,EB,FC
0F0C,BRK,66,47,01,EB,F9
C5F4,RTI,66,47,01,EB,FC
0F0D,BRK,66,47,01,EB,F9
C5F4,RTI,66,47,01,EB,FC
0F0E,BRK,66,47,01,EB,F9
C5F4,RTI,66,47,01,EB,FC
0F0F,BRK,66,47,01,EB,F9
C5F4,RTI,66,47,01,EB,FC
0F10,BRK,66,47,01,EB,F9
C5F4,RTI,66,47,01,EB,FC
0F11,BRK,66,47,01,EB,F9
C5F4,RTI,66,47,01,EB,FC
0F12,BRK,66,47,01,EB,F9
C5F4,RTI,66,47,01,EB,FC
0F13,BRK,66,47,01,EB,F9
C5F4,RTI,66,47,01,EB,FC
0F14,BRK,66,47,01,EB,F9
C5F4,RTI,66,47,01,EB,FC
0F15,BRK,66,47,01,EB,F9
C5F4,RTI,66,47,01,EB,FC
0F16,BRK,66,47,01,EB,F9
C5F4,RTI,66,47,01,EB,FC
0F17,BRK,66,47,01,EB,F9
C5F4,RTI,66,47,01,EB,FC
0F18,BRK,66,47,01,EB,F9
C5F4,RTI,66,47,01,EB,FC
0F19,BRK,66,47,01,EB,F9
C5F4,RTI,66,47,01,EB,FC
0F1A,BRK,66,47,01,EB,F9
C5F4,RTI,66,47,01,EB,FC
0F1B,BRK,66,47,01,EB,F9
C5F4,RTI,66,47,01,EB,FC
0F1C,BRK,66,47,01,EB,F9
C5F4,RTI,66,47,01,EB,FC
0F1D,BRK,66,47,01,EB,F9
C5F4,RTI,66,47,01,EB,FC
0F1E,BRK,66,47,01,EB,F9
C5F4,RTI,66,47,01,EB,FC
0F1F,BRK,66,47,01,EB,F9
C5F4,RTI,66,47,01,EB,FC
0F20,BRK,66,47,01,EB,F9
C5F4,RTI,66,47,01,EB,FC
0F21,BRK,66,47,01,EB,F9
C5F4,RTI,66,47,01,EB,FC
0F22,BRK,66,47,01,EB,F9
C5F4,RTI,66,47,01,EB,FC
0F23,BRK,66,47,01,EB,F9
C5F4,RTI,66,47,01,EB,FC
0F24,BRK,66,47,01,EB,F9
C5F4,RTI,66,47,01,EB,FC
0F25,BRK,66,47,01,EB,F9
C5F4,RTI,66,47,01,EB,FC
0F26,BRK,66,47,01,EB,F9
C5F4,RTI,66,47,01,EB,FC
0F27,BRK,66,47,01,EB,F9
C5F4,RTI,66,47,01,EB,FC
0F28,BRK,66,47,01,EB,F9
C5F4,RTI,66,47,01,EB,FC
0F29,BRK,66,47,01,EB,F9
C5F4,RTI,66,47,01,EB,FC
0F2A,BRK,66,47,01,EB,F9
C5F4,RTI,66,47,01,EB,FC
0F2B,BRK,66,47,01,EB,F9
C5F4,RTI,66,47,01,EB,FC
0F2C,BRK,66,47,01,EB,F9
C5F4,RTI,66,47,01,EB,FC
0F2D,BRK,66,47,01,EB,F9
C5F4,RTI,66,47,01,EB,FC
0F2E,BRK,66,47,01,EB,F9
C5F4,RTI,66,47,01,EB,FC
0F2F,BRK,66,47,01,EB,F9
C5F4,RTI,66,47,01,EB,FC
0F30,BRK,66,47,01,EB,F9
C5F4,RTI,66,47,01,EB,FC
0F31,BRK,66,47,01,EB,F9
C5F4,RTI,66,47,01,EB,FC
0F32,BRK,66,47,01,EB,F9
C5F4,RTI,66,47,01,EB,FC
0F33,BRK,66,47,01,EB,F9
C5F4,RTI,66,47,01,EB,FC
0F34,BRK,66,47,01,EB,F9
C5F4,RTI,66,47,01,EB,FC
0F35,BRK,66,47,01,EB,F9
C5F4,RTI,66,47,01,EB,FC
0F36,BRK,66,47,01,EB,F9
C5F4,RTI,66,47,01,EB,FC
0F37,BRK,66,47,01,EB,F9
C5F4,RTI,66,47,01,EB,FC
0F38,BRK,66,47,01,EB,F9
C5F4,RTI,66,47,01,EB,FC
0F39,BRK,66,47,01,EB,F9
C5F4,RTI,66,47,01,EB,FC
0F3A,BRK,66,47,01,EB,F9
C5F4,RTI,66,47,01,EB,FC
0F3B,BRK,66,47,01,EB,F9
C5F4,RTI,66,47,01,EB,FC
0F3C,BRK,66,47,01,EB,F9
C5F4,RTI,66,47,01,EB,FC
0F3D,BRK,66,47,01,EB,F9
C5F4,RTI,66,47,01,EB,FC
0F3E,BRK,66,47,01,EB,F9
C5F4,RTI,66,47,01,EB,FC
0F3F,BRK,66,47,01,EB,F9
C5F4,RTI,66,47,01,EB,FC
0F40,BRK,66,47,01,EB,F9
C5F4,RTI,66,47,01,EB,FC
0F41,BRK,66,47,01,EB,F9
C5F4,RTI,66,47,01,EB,FC
0F42,BRK,66,47,01,EB,F9
C5F4,RTI,66,47,01,EB,FC
0F43,BRK,66,47,01,EB,F9
C5F4,RTI,66,47,01,EB,FC
0F44,BRK,66,47,01,EB,F9
C5F4,RTI,66,47,01,EB,FC
0F45,BRK,66,47,01,EB,F9
C5F4,RTI,66,47,01,EB,FC
0F46,BRK,66,47,01,EB,F9
C5F4,RTI,66,47,01,EB,FC
0F47,BRK,66,47,01,EB,F9
C5F4,RTI,66,47,01,EB,FC
0F48,BRK,66,47,01,EB,F9
C5F4,RTI,66,47,01,EB,FC
0F49,BRK,66,47,01,EB,F9
C5F4,RTI,66,47,01,EB,FC
0F4A,BRK,66,47,01,EB,F9
C5F4,RTI,66,47,01,EB,FC
0F4B,BRK,66,47,01,EB,F9
C5F4,RTI,66,47,01,EB,FC
0F4C,BRK,66,47,01,EB,F9
C5F4,RTI,66,47,01,EB,FC
0F4D,BRK,66,47,01,EB,F9
C5F4,RTI,66,47,01,EB,FC
0F4E,BRK,66,47,01,EB,F9
C5F4,RTI,66,47,01,EB,FC
0F4F,BRK,66,47,01,EB,F9
C5F4,RTI,66,47,01,EB,FC
0F50,BRK,66,47,01,EB,F9
C5F4,RTI,66,47,01,EB,FC
0F51,BRK,66,47,01,EB,F9
C5F4,RTI,66,47,01,EB,FC
0F52,BRK,66,47,01,EB,F9
C5F4,RTI,66,47,01,EB,FC
0F53,BRK,66,47,01,EB,F9
C5F4,RTI,66,47,01,EB,FC
0F54,BRK,66,47,01,EB,F9
C5F4,RTI,66,47,01,EB,FC
0F55,BRK,66,47,01,EB,F9
C5F4,RTI,66,47,01,EB,FC
0F56,BRK,66,47,01,EB,F9
C5F4,RTI,66,47,01,EB,FC
0F57,BRK,66,47,01,EB,F9
C5F4,RTI,66,47,01,EB,FC
0F58,BRK,66,47,01,EB,F9
C5F4,RTI,66,47,01,EB,FC
0F59,BRK,66,47,01,EB,F9
C5F4,RTI,66,47,01,EB,FC
0F5A,BRK,66,47,01,EB,F9
C5F4,RTI,66,47,01,EB,FC
0F5B,BRK,66,47,01,EB,F9
C5F4,RTI,66,47,01,EB,FC
0F5C,BRK,66,47,01,EB,F9
C5F4,RTI,66,47,01,EB,FC
0F5D,BRK,66,47,01,EB,F9
C5F4,RTI,66,47,01,EB,FC
0F5E,BRK,66,47,01,EB,F9
C5F4,RTI,66,47,01,EB,FC
0F5F,BRK,66,47,01,EB,F9
C5F4,RTI,66,47,01,EB,FC
0F60,BRK,66,47,01,EB,F9
C5F4,RTI,66,47,01,EB,FC
0F61,BRK,66,47,01,EB,F9
C5F4,RTI,66,47,01,EB,FC
0F62,BRK,66,47,01,EB,F9
C5F4,RTI,66,47,01,EB,FC
0F63,BRK,66,47,01,EB,F9
C5F4,RTI,66,47,01,EB,FC
0F64,BRK,66,47,01,EB,F9
C5F4,RTI,66,47,01,EB,FC
0F65,BRK,66,47,01,EB,F9
C5F4,RTI,66,47,01,EB,FC
0F66,BRK,66,47,01,EB,F9
C5F4,RTI,66,47,01,EB,FC
0F67,BRK,66,47,01,EB,F9
C5F4,RTI,66,47,01,EB,FC
0F68,BRK,66,47,01,EB,F9
C5F4,RTI,66,47,01,EB,FC
0F69,BRK,66,47,01,EB,F9
C5F4,RTI,66,47,01,EB,FC
0F6A,BRK,66,47,01,EB,F9
C5F4,RTI,66,47,01,EB,FC
0F6B,BRK,66,47,01,EB,F9
C5F4,RTI,66,47,01,EB,FC
0F6C,BRK,66,47,01,EB,F9
C5F4,RTI,66,47,01,EB,FC
0F6D,BRK,66,47,01,EB,F9
C5F4,RTI,66,47,01,EB,FC
0F6E,BRK,66,47,01,EB,F9
C5F4,RTI,66,47,01,EB,FC
0F6F,BRK,66,47,01,EB,F9
C5F4,RTI,66,47,01,EB,FC
0F70,BRK,66,47,01,EB,F9
C5F4,RTI,66,47,01,EB,FC
0F71,BRK,66,47,01,EB,F9
C5F4,RTI,66,47,01,EB,FC
0F72,BRK,66,47,01,EB,F9
C5F4,RTI,66,47,01,EB,FC
0F73,BRK,66,47,01,EB,F9
C5F4,RTI,66,47,01,EB,FC
0F74,BRK,66,47,01,EB,F9
C5F4,RTI,66,47,01,EB,FC
0F75,BRK,66,47,01,EB,F9
C5F4,RTI,66,47,01,EB,FC
0F76,BRK,66,47,01,EB,F9
C5F4,RTI,66,47,01,EB,FC
0F77,BRK,66,47,01,EB,F9
C5F4,RTI,66,47,01,EB,FC
0F78,BRK,66,47,01,EB,F9
C5F4,RTI,66,47,01,EB,FC
0F79,BRK,66,47,01,EB,F9
C5F4,RTI,66,47,01,EB,FC
0F7A,BRK,66,47,01,EB,F9
C5F4,RTI,66,47,01,EB,FC
0F7B,BRK,66,47,01,EB,F9
C5F4,RTI,66,47,01,EB,FC
0F7C,BRK,66,47,01,EB,F9
C5F4,RTI,66,47,01,EB,FC
0F7D,BRK,66,47,01,EB,F9
C5F4,RTI,66,47,01,EB,FC
0F7E,BRK,66,47,01,EB,F9
C5F4,RTI,66,47,01,EB,FC
0F7F,BRK,66,47,01,EB,F9
C5F4,RTI,66,47,01,EB,FC
0F80,BRK,66,47,01,EB,F9
C5F4,RTI,66,47,01,EB,FC
0F81,BRK,66,47,01,EB,F9
C5F4,RTI,66,47,01,EB,FC
0F82,BRK,66,47,01,EB,F9
C5F4,RTI,66,47,01,EB,FC
0F83,BRK,66,47,01,EB,F9
C5F4,RTI,66,47,01,EB,FC
0F84,BRK,66,47,01,EB,F9
C5F4,RTI,66,47,01,EB,FC
0F85,BRK,66,47,01,EB,F9
C5F4,RTI,66,47,01,EB,FC
0F86,BRK,66,47,01,EB,F9
C5F4,RTI,66,47,01,EB,FC
0F87,BRK,66,47,01,EB,F9
C5F4,RTI,66,47,01,EB,FC
0F88,BRK,66,47,01,EB,F9
C5F4,RTI,66,47,01,EB,FC
0F89,BRK,66,47,01,EB,F9
C5F4,RTI,66,47,01,EB,FC
0F8A,BRK,66,47,01,EB,F9
C5F4,RTI,66,47,01,EB,FC
0F8B,BRK,66,47,01,EB,F9
C5F4,RTI,66,47,01,EB,FC
0F8C,BRK,66,47,01,EB,F9
C5F4,RTI,66,47,01,EB,FC
0F8D,BRK,66,47,01,EB,F9
C5F4,RTI,66,47,01,EB,FC
0F8E,BRK,66,47,01,EB,F9
C5F4,RTI,66,47,01,EB,FC
0F8F,BRK,66,47,01,EB,F9
C5F4,RTI,66,47,01,EB,FC
0F90,BRK,66,47,01,EB,F9
C5F4,RTI,66,47,01,EB,FC
0F91,BRK,66,47,01,EB,F9
C5F4,RTI,66,47,01,EB,FC
0F92,BRK,66,47,01,EB,F9
C5F4,RTI,66,47,01,EB,FC
0F93,BRK,66,47,01,EB,F9
C5F4,RTI,66,47,01,EB,FC
0F94,BRK,66,47,01,EB,F9
C5F4,RTI,66,47,01,EB,FC
0F95,BRK,66,47,01,EB,F9
C5F4,RTI,66,47,01,EB,FC
0F96,BRK,66,47,01,EB,F9
C5F4,RTI,66,47,01,EB,FC
0F97,BRK,66,47,01,EB,F9
C5F4,RTI,66,47,01,EB,FC
0F98,BRK,66,47,01,EB,F9
C5F4,RTI,66,47,01,EB,FC
0F99,BRK,66,47,01,EB,F9
C5F4,RTI,66,47,01,EB,FC
0F9A,BRK,66,47,01,EB,F9
C5F4,RTI,66,47,01,EB,FC
0F9B,BRK,66,47,01,EB,F9
C5F4,RTI,66,47,01,EB,FC
0F9C,BRK,66,47,01,EB,F9
C5F4,RTI,66,47,01,EB,FC
0F9D,BRK,66,47,01,EB,F9
C5F4,RTI,66,47,01,EB,FC
0F9E,BRK,66,47,01,EB,F9
C5F4,RTI,66,47,01,EB,FC
0F9F,BRK,66,47,01,EB,F9
C5F4,RTI,66,47,01,EB,FC
0FA0,BRK,66,47,01,EB,F9
C5F4,RTI,66,47,01,EB,FC
0FA1,BRK,66,47,01,EB,F9
C5F4,RTI,66,47,01,EB,FC
0FA2,BRK,66,47,01,EB,F9
C5F4,RTI,66,47,01,EB,FC
0FA3,BRK,66,47,01,EB,F9
C5F4,RTI,66,47,01,EB,FC
0FA4,BRK,66,47,01,EB,F9
C5F4,RTI,66,47,01,EB,FC
0FA5,BRK,66,47,01,EB,F9
C5F4,RTI,66,47,01,EB,FC
0FA6,BRK,66,47,01,EB,F9
C5F4,RTI,66,47,01,EB,FC
0FA7,BRK,66,47,01,EB,F9
C5F4,RTI,66,47,01,EB,FC
0FA8,BRK,66,47,01,EB,F9
C5F4,RTI,66,47,01,EB,FC
0FA9,BRK,66,47,01,EB,F9
C5F4,RTI,66,47,01,EB,FC
0FAA,BRK,66,47,01,EB,F9
C5F4,RTI,66,47,01,EB,FC
0FAB,BRK,66,47,01,EB,F9
C5F4,RTI,66,47,01,EB,FC
0FAC,BRK,66,47,01,EB,F9
C5F4,RTI,66,47,01,EB,FC
0FAD,BRK,66,47,01,EB,F9
C5F4,RTI,66,47,01,EB,FC
0FAE,BRK,66,47,01,EB,F9
C5F4,RTI,66,47,01,EB,FC
0FAF,BRK,66,47,01,EB,F9
C5F4,RTI,66,47,01,EB,FC
0FB0,BRK,66,47,01,EB,F9
C5F4,RTI,66,47,01,EB,FC
0FB1,BRK,66,47,01,EB,F9
C5F4,RTI,66,47,01,EB,FC
0FB2,BRK,66,47,01,EB,F9
C5F4,RTI,66,47,01,EB,FC
0FB3,BRK,66,47,01,EB,F9
C5F4,RTI,66,47,01,EB,FC
0FB4,BRK,66,47,01,EB,F9
C5F4,RTI,66,47,01,EB,FC
0FB5,BRK,66,47,01,EB,F9
C5F4,RTI,66,47,01,EB,FC
0FB6,BRK,66,47,01,EB,F9
C5F4,RTI,66,47,01,EB,FC
0FB7,BRK,66,47,01,EB,F9
C5F4,RTI,66,47,01,EB,FC
0FB8,BRK,66,47,01,EB,F9
C5F4,RTI,66,47,01,EB,FC
0FB9,BRK,66,47,01,EB,F9
C5F4,RTI,66,47,01,EB,FC
0FBA,BRK,66,47,01,EB,F9
C5F4,RTI,66,47,01,EB,FC
0FBB,BRK,66,47,01,EB,F9
C5F4,RTI,66,47,01,EB,FC
0FBC,BRK,66,47,01,EB,F9
C5F4,RTI,66,47,01,EB,FC
0FBD,BRK,66,47,01,EB,F9
C5F4,RTI,66,47,01,EB,FC
0FBE,BRK,66,47,01,EB,F9
C5F4,RTI,66,47,01,EB,FC
0FBF,BRK,66,47,01,EB,F9
C5F4,RTI,66,47,01,EB,FC
0FC0,BRK,66,47,01,EB,F9
C5F4,RTI,66,47,01,EB,FC
0FC1,BRK,66,47,01,EB,F9
C5F4,RTI,66,47,01,EB,FC
0FC2,BRK,66,47,01,EB,F9
C5F4,RTI,66,47,01,EB,FC
0FC3,BRK,66,47,01,EB,F9
C5F4,RTI,66,47,01,EB,FC
0FC4,BRK,66,47,01,EB,F9
C5F4,RTI,66,47,01,EB,FC
0FC5,BRK,66,47,01,EB,F9
C5F4,RTI,66,47,01,EB,FC
0FC6,BRK,66,47,01,EB,F9
C5F4,RTI,66,47,01,EB,FC
0FC7,BRK,66,47,01,EB,F9
C5F4,RTI,66,47,01,EB,FC
0FC8,BRK,66,47,01,EB,F9
C5F4,RTI,66,47,01,EB,FC
0FC9,BRK,66,47,01,EB,F9
C5F4,RTI,66,47,01,EB,FC
0FCA,BRK,66,47,01,EB,F9
C5F4,RTI,66,47,01,EB,FC
0FCB,BRK,66,47,01,EB,F9
C5F4,RTI,66,47,01,EB,FC
0FCC,BRK,66,47,01,EB,F9
C5F4,RTI,66,47,01,EB,FC
0FCD,BRK,66,47,01,EB,F9
C5F4,RTI,66,47,01,EB,FC
0FCE,BRK,66,47,01,EB,F9
C5F4,RTI,66,47,01,EB,FC
0FCF,BRK,66,47,01,EB,F9
C5F4,RTI,66,47,01,EB,FC
0FD0,BRK,66,47,01,EB,F9
C5F4,RTI,66,47,01,EB,FC
0FD1,BRK,66,47,01,EB,F9
C5F4,RTI,66,47,01,EB,FC
0FD2,BRK,66,47,01,EB,F9
C5F4,RTI,66,47,01,EB,FC
0FD3,BRK,66,47,01,EB,F9
C5F4,RTI,66,47,01,EB,FC
0FD4,BRK,66,47,01,EB,F9
C5F4,RTI,66,47,01,EB,FC
0FD5,BRK,66,47,01,EB,F9
C5F4,RTI,66,47,01,EB,FC
0FD6,BRK,66,47,01,EB,F9
C5F4,RTI,66,47,01,EB,FC
0FD7,BRK,66,47,01,EB,F9
C5F4,RTI,66,47,01,EB,FC
